"Genus"	"Species"	"Author"	"Total"	"TrapID"	"EventID"	"StartDate"
"1"	"Meteorus"	"sp."	"Haliday, 1835"	1	30	1717	"2005.vi.16"
"2"	"Meteorus"	"sp."	"Haliday, 1835"	1	30	1717	"2005.vi.16"
"3"	"Meteorus"	"sp."	"Haliday, 1835"	1	30	1717	"2005.vi.16"
"4"	"Meteorus"	"sp."	"Haliday, 1835"	1	30	1717	"2005.vi.16"
"5"	"Meteorus"	"sp."	"Haliday, 1835"	1	30	1717	"2005.vi.16"
"6"	"Meteorus"	"sp."	"Haliday, 1835"	1	30	1717	"2005.vi.16"
"7"	"Meteorus"	"sp."	"Haliday, 1835"	1	30	1717	"2005.vi.16"
"8"	"Meteorus"	"sp."	"Haliday, 1835"	1	30	1717	"2005.vi.16"
"9"	"Meteorus"	"sp."	"Haliday, 1835"	1	30	1717	"2005.vi.16"
"10"	"Meteorus"	"sp."	"Haliday, 1835"	1	30	1717	"2005.vi.16"
"11"	"Meteorus"	"sp."	"Haliday, 1835"	1	30	1717	"2005.vi.16"
"12"	"Meteorus"	"sp."	"Haliday, 1835"	1	30	1717	"2005.vi.16"
"13"	"Meteorus"	"sp."	"Haliday, 1835"	1	30	1717	"2005.vi.16"
"14"	"Meteorus"	"sp."	"Haliday, 1835"	1	30	1717	"2005.vi.16"
"15"	"Meteorus"	"sp."	"Haliday, 1835"	1	30	1717	"2005.vi.16"
"16"	"Meteorus"	"sp."	"Haliday, 1835"	1	30	1717	"2005.vi.16"
"17"	"Meteorus"	"sp."	"Haliday, 1835"	1	30	1717	"2005.vi.16"
"18"	"Meteorus"	"sp."	"Haliday, 1835"	1	30	1717	"2005.vi.16"
"19"	"Meteorus"	"abdominator"	"(Nees, 1811)"	1	5	765	"2004.vi.30"
"20"	"Meteorus"	"abdominator"	"(Nees, 1811)"	1	5	768	"2004.viii.16"
"21"	"Meteorus"	"abdominator"	"(Nees, 1811)"	1	10	398	"2003.vii.21"
"22"	"Meteorus"	"abdominator"	"(Nees, 1811)"	1	10	398	"2003.vii.21"
"23"	"Meteorus"	"abdominator"	"(Nees, 1811)"	1	12	69	"2003.vi.24"
"24"	"Meteorus"	"abdominator"	"(Nees, 1811)"	1	12	69	"2003.vi.24"
"25"	"Meteorus"	"abdominator"	"(Nees, 1811)"	1	12	69	"2003.vi.24"
"26"	"Meteorus"	"abdominator"	"(Nees, 1811)"	1	12	69	"2003.vi.24"
"27"	"Meteorus"	"abdominator"	"(Nees, 1811)"	1	12	69	"2003.vi.24"
"28"	"Meteorus"	"abdominator"	"(Nees, 1811)"	1	12	177	"2003.viii.09"
"29"	"Meteorus"	"abdominator"	"(Nees, 1811)"	1	22	777	"2004.vi.23"
"30"	"Meteorus"	"abdominator"	"(Nees, 1811)"	1	22	1725	"2006.v.20"
"31"	"Meteorus"	"abdominator"	"(Nees, 1811)"	1	22	1725	"2006.v.20"
"32"	"Meteorus"	"abdominator"	"(Nees, 1811)"	1	24	816	"2003.vi.26"
"33"	"Meteorus"	"abdominator"	"(Nees, 1811)"	1	24	816	"2003.vi.26"
"34"	"Meteorus"	"abdominator"	"(Nees, 1811)"	1	24	818	"2003.viii.01"
"35"	"Meteorus"	"abdominator"	"(Nees, 1811)"	1	26	1684	"2004.viii.26"
"36"	"Meteorus"	"abdominator"	"(Nees, 1811)"	1	28	1459	"2004.viii.02"
"37"	"Meteorus"	"abdominator"	"(Nees, 1811)"	1	28	1461	"2004.ix.06"
"38"	"Meteorus"	"abdominator"	"(Nees, 1811)"	1	34	547	"2003.viii.20"
"39"	"Meteorus"	"abdominator"	"(Nees, 1811)"	1	35	1792	"2005.viii.04"
"40"	"Meteorus"	"abdominator"	"(Nees, 1811)"	1	35	1101	"2004.vii.14"
"41"	"Meteorus"	"abdominator"	"(Nees, 1811)"	1	35	1101	"2004.vii.14"
"42"	"Meteorus"	"abdominator"	"(Nees, 1811)"	1	42	1166	"2004.vii.04"
"43"	"Meteorus"	"abdominator"	"(Nees, 1811)"	1	49	708	"2003.viii.05"
"44"	"Meteorus"	"abdominator"	"(Nees, 1811)"	1	49	708	"2003.viii.05"
"45"	"Meteorus"	"abdominator"	"(Nees, 1811)"	1	49	708	"2003.viii.05"
"46"	"Meteorus"	"abdominator"	"(Nees, 1811)"	1	49	710	"2003.ix.14"
"47"	"Meteorus"	"abdominator"	"(Nees, 1811)"	1	54	191	"2003.viii.01"
"48"	"Meteorus"	"abdominator"	"(Nees, 1811)"	1	54	191	"2003.viii.01"
"49"	"Meteorus"	"abdominator"	"(Nees, 1811)"	1	54	193	"2003.ix.01"
"50"	"Meteorus"	"abdominator"	"(Nees, 1811)"	1	54	193	"2003.ix.01"
"51"	"Meteorus"	"abdominator"	"(Nees, 1811)"	1	54	193	"2003.ix.01"
"52"	"Meteorus"	"abdominator"	"(Nees, 1811)"	1	1000	1324	"2005.vii.12"
"53"	"Meteorus"	"abdominator"	"(Nees, 1811)"	1	1001	1361	"2005.viii.24"
"54"	"Meteorus"	"abdominator"	"(Nees, 1811)"	1	1002	1376	"2005.vii.15"
"55"	"Meteorus"	"abdominator"	"(Nees, 1811)"	1	1002	1378	"2005.vii.23"
"56"	"Meteorus"	"abdominator"	"(Nees, 1811)"	1	1002	1378	"2005.vii.23"
"57"	"Meteorus"	"abdominator"	"(Nees, 1811)"	1	1002	1378	"2005.vii.23"
"58"	"Meteorus"	"abdominator"	"(Nees, 1811)"	1	1002	1378	"2005.vii.23"
"59"	"Meteorus"	"abdominator"	"(Nees, 1811)"	1	1002	1379	"2005.viii.12"
"60"	"Meteorus"	"abdominator"	"(Nees, 1811)"	1	1002	1379	"2005.viii.12"
"61"	"Meteorus"	"abdominator"	"(Nees, 1811)"	1	1002	1891	"2005.x.03"
"62"	"Meteorus"	"abdominator"	"(Nees, 1811)"	1	1002	1380	"2005.viii.24"
"63"	"Meteorus"	"abdominator"	"(Nees, 1811)"	1	2046	2053	"2008.vi.15"
"64"	"Meteorus"	"abdominator"	"(Nees, 1811)"	1	2046	2051	"2008.v.01"
"65"	"Meteorus"	"abdominator"	"(Nees, 1811)"	1	2046	2052	"2008.vi.01"
"66"	"Meteorus"	"abdominator"	"(Nees, 1811)"	1	2046	2052	"2008.vi.01"
"67"	"Meteorus"	"abdominator"	"(Nees, 1811)"	1	2046	2055	"2008.vii.16"
"68"	"Meteorus"	"abdominator"	"(Nees, 1811)"	1	2046	2055	"2008.vii.16"
"69"	"Meteorus"	"abdominator"	"(Nees, 1811)"	1	1002	1380	"2005.viii.24"
"70"	"Meteorus"	"abscissus"	"Thomson, 1895"	1	20	233	"2003.vi.25"
"71"	"Meteorus"	"abscissus"	"Thomson, 1895"	1	20	234	"2003.vii.20"
"72"	"Meteorus"	"abscissus"	"Thomson, 1895"	1	20	1499	"2005.viii.02"
"73"	"Meteorus"	"abscissus"	"Thomson, 1895"	1	29	1394	"2005.vi.04"
"74"	"Meteorus"	"abscissus"	"Thomson, 1895"	1	32	1531	"2005.vii.16"
"75"	"Meteorus"	"affinis"	"(Wesmael, 1835)"	1	4	114	"2003.viii.04"
"76"	"Meteorus"	"affinis"	"(Wesmael, 1835)"	1	6	368	"2003.vi.17"
"77"	"Meteorus"	"affinis"	"(Wesmael, 1835)"	1	12	892	"2004.vii.17"
"78"	"Meteorus"	"affinis"	"(Wesmael, 1835)"	1	17	1518	"2005.viii.31"
"79"	"Meteorus"	"affinis"	"(Wesmael, 1835)"	1	33	1078	"2004.v.30"
"80"	"Meteorus"	"affinis"	"(Wesmael, 1835)"	1	33	1078	"2004.v.30"
"81"	"Meteorus"	"affinis"	"(Wesmael, 1835)"	1	33	1082	"2004.viii.09"
"82"	"Meteorus"	"affinis"	"(Wesmael, 1835)"	1	33	1082	"2004.viii.09"
"83"	"Meteorus"	"affinis"	"(Wesmael, 1835)"	1	33	1082	"2004.viii.09"
"84"	"Meteorus"	"affinis"	"(Wesmael, 1835)"	1	33	1082	"2004.viii.09"
"85"	"Meteorus"	"affinis"	"(Wesmael, 1835)"	1	33	1082	"2004.viii.09"
"86"	"Meteorus"	"affinis"	"(Wesmael, 1835)"	1	33	1082	"2004.viii.09"
"87"	"Meteorus"	"affinis"	"(Wesmael, 1835)"	1	33	1082	"2004.viii.09"
"88"	"Meteorus"	"affinis"	"(Wesmael, 1835)"	1	33	534	"2003.x.21"
"89"	"Meteorus"	"affinis"	"(Wesmael, 1835)"	1	33	533	"2003.x.08"
"90"	"Meteorus"	"affinis"	"(Wesmael, 1835)"	1	36	827	"2004.vii.14"
"91"	"Meteorus"	"affinis"	"(Wesmael, 1835)"	1	36	827	"2004.vii.14"
"92"	"Meteorus"	"affinis"	"(Wesmael, 1835)"	1	36	828	"2004.viii.06"
"93"	"Meteorus"	"affinis"	"(Wesmael, 1835)"	1	37	832	"2004.vi.11"
"94"	"Meteorus"	"affinis"	"(Wesmael, 1835)"	1	37	834	"2004.vii.14"
"95"	"Meteorus"	"affinis"	"(Wesmael, 1835)"	1	37	834	"2004.vii.14"
"96"	"Meteorus"	"affinis"	"(Wesmael, 1835)"	1	37	834	"2004.vii.14"
"97"	"Meteorus"	"affinis"	"(Wesmael, 1835)"	1	37	835	"2004.viii.06"
"98"	"Meteorus"	"affinis"	"(Wesmael, 1835)"	1	37	835	"2004.viii.06"
"99"	"Meteorus"	"affinis"	"(Wesmael, 1835)"	1	37	835	"2004.viii.06"
"100"	"Meteorus"	"affinis"	"(Wesmael, 1835)"	1	37	1111	"2004.ix.08"
"101"	"Meteorus"	"affinis"	"(Wesmael, 1835)"	1	39	1803	"2005.vi.26"
"102"	"Meteorus"	"affinis"	"(Wesmael, 1835)"	1	39	1803	"2005.vi.26"
"103"	"Meteorus"	"affinis"	"(Wesmael, 1835)"	1	39	1799	"2005.ii.17"
"104"	"Meteorus"	"affinis"	"(Wesmael, 1835)"	1	39	1799	"2005.ii.17"
"105"	"Meteorus"	"affinis"	"(Wesmael, 1835)"	1	39	1799	"2005.ii.17"
"106"	"Meteorus"	"affinis"	"(Wesmael, 1835)"	1	39	1799	"2005.ii.17"
"107"	"Meteorus"	"affinis"	"(Wesmael, 1835)"	1	39	1141	"2004.ix.07"
"108"	"Meteorus"	"affinis"	"(Wesmael, 1835)"	1	39	1141	"2004.ix.07"
"109"	"Meteorus"	"affinis"	"(Wesmael, 1835)"	1	39	1141	"2004.ix.07"
"110"	"Meteorus"	"affinis"	"(Wesmael, 1835)"	1	39	1141	"2004.ix.07"
"111"	"Meteorus"	"affinis"	"(Wesmael, 1835)"	1	39	604	"2003.viii.08"
"112"	"Meteorus"	"affinis"	"(Wesmael, 1835)"	1	40	1812	"2005.vi.20"
"113"	"Meteorus"	"affinis"	"(Wesmael, 1835)"	1	40	1812	"2005.vi.20"
"114"	"Meteorus"	"affinis"	"(Wesmael, 1835)"	1	40	1812	"2005.vi.20"
"115"	"Meteorus"	"affinis"	"(Wesmael, 1835)"	1	40	1816	"2005.vii.22"
"116"	"Meteorus"	"affinis"	"(Wesmael, 1835)"	1	40	1816	"2005.vii.22"
"117"	"Meteorus"	"affinis"	"(Wesmael, 1835)"	1	41	1887	"2005.ix.21"
"118"	"Meteorus"	"affinis"	"(Wesmael, 1835)"	1	43	1913	"2005.ix.09"
"119"	"Meteorus"	"affinis"	"(Wesmael, 1835)"	1	44	1188	"2004.viii.09"
"120"	"Meteorus"	"affinis"	"(Wesmael, 1835)"	1	45	291	"2003.viii.05"
"121"	"Meteorus"	"affinis"	"(Wesmael, 1835)"	1	47	998	"2004.vi.18"
"122"	"Meteorus"	"affinis"	"(Wesmael, 1835)"	1	47	1959	"2005.ix.15"
"123"	"Meteorus"	"affinis"	"(Wesmael, 1835)"	1	48	1209	"2004.vii.29"
"124"	"Meteorus"	"affinis"	"(Wesmael, 1835)"	1	48	1209	"2004.vii.29"
"125"	"Meteorus"	"affinis"	"(Wesmael, 1835)"	1	48	1209	"2004.vii.29"
"126"	"Meteorus"	"affinis"	"(Wesmael, 1835)"	1	48	1209	"2004.vii.29"
"127"	"Meteorus"	"affinis"	"(Wesmael, 1835)"	1	48	1209	"2004.vii.29"
"128"	"Meteorus"	"affinis"	"(Wesmael, 1835)"	1	48	1209	"2004.vii.29"
"129"	"Meteorus"	"affinis"	"(Wesmael, 1835)"	1	48	1209	"2004.vii.29"
"130"	"Meteorus"	"affinis"	"(Wesmael, 1835)"	1	48	1210	"2004.viii.13"
"131"	"Meteorus"	"affinis"	"(Wesmael, 1835)"	1	48	1210	"2004.viii.13"
"132"	"Meteorus"	"affinis"	"(Wesmael, 1835)"	1	48	1210	"2004.viii.13"
"133"	"Meteorus"	"affinis"	"(Wesmael, 1835)"	1	48	1210	"2004.viii.13"
"134"	"Meteorus"	"affinis"	"(Wesmael, 1835)"	1	48	1210	"2004.viii.13"
"135"	"Meteorus"	"affinis"	"(Wesmael, 1835)"	1	48	1210	"2004.viii.13"
"136"	"Meteorus"	"affinis"	"(Wesmael, 1835)"	1	48	1210	"2004.viii.13"
"137"	"Meteorus"	"affinis"	"(Wesmael, 1835)"	1	52	186	"2003.ix.22"
"138"	"Meteorus"	"affinis"	"(Wesmael, 1835)"	1	55	198	"2003.ix.22"
"139"	"Meteorus"	"affinis"	"(Wesmael, 1835)"	1	57	205	"2003.ix.01"
"140"	"Meteorus"	"affinis"	"(Wesmael, 1835)"	1	1000	1325	"2005.vii.18"
"141"	"Meteorus"	"affinis"	"(Wesmael, 1835)"	1	1000	1428	"2005.x.10"
"142"	"Meteorus"	"affinis"	"(Wesmael, 1835)"	1	1001	1434	"2005.x.10"
"143"	"Meteorus"	"affinis"	"(Wesmael, 1835)"	1	1002	1891	"2005.x.03"
"144"	"Meteorus"	"affinis"	"(Wesmael, 1835)"	1	1002	1891	"2005.x.03"
"145"	"Meteorus"	"affinis"	"(Wesmael, 1835)"	1	1005	1421	"2005.vii.30"
"146"	"Meteorus"	"affinis"	"(Wesmael, 1835)"	1	1005	1421	"2005.vii.30"
"147"	"Meteorus"	"affinis"	"(Wesmael, 1835)"	1	1006	1902	"2005.ix.26"
"148"	"Meteorus"	"alborossicus"	"Lobodenko, 2000"	1	1002	1378	"2005.vii.23"
"149"	"Meteorus"	"artocercus"	"Stigenberg, 2011"	1	47	998	"2004.vi.18"
"150"	"Meteorus"	"artocercus"	"Stigenberg, 2011"	1	47	998	"2004.vi.18"
"151"	"Meteorus"	"artocercus"	"Stigenberg, 2011"	1	47	998	"2004.vi.18"
"152"	"Meteorus"	"artocercus"	"Stigenberg, 2011"	1	47	998	"2004.vi.18"
"153"	"Meteorus"	"artocercus"	"Stigenberg, 2011"	1	48	1209	"2004.vii.29"
"154"	"Meteorus"	"artocercus"	"Stigenberg, 2011"	1	48	1209	"2004.vii.29"
"155"	"Meteorus"	"artocercus"	"Stigenberg, 2011"	1	48	1209	"2004.vii.29"
"156"	"Meteorus"	"artocercus"	"Stigenberg, 2011"	1	49	710	"2003.ix.14"
"157"	"Meteorus"	"artocercus"	"Stigenberg, 2011"	1	49	709	"2003.viii.22"
"158"	"Meteorus"	"artocercus"	"Stigenberg, 2011"	1	57	1276	"2004.viii.20"
"159"	"Meteorus"	"artocercus"	"Stigenberg, 2011"	1	60	215	"2003.viii.01"
"160"	"Meteorus"	"artocercus"	"Stigenberg, 2011"	1	42	645	"2003.vii.25"
"161"	"Meteorus"	"artocercus"	"Stigenberg, 2011"	1	43	1170	"2004.vii.14"
"162"	"Meteorus"	"artocercus"	"Stigenberg, 2011"	1	43	1170	"2004.vii.14"
"163"	"Meteorus"	"artocercus"	"Stigenberg, 2011"	1	43	1170	"2004.vii.14"
"164"	"Meteorus"	"artocercus"	"Stigenberg, 2011"	1	43	1170	"2004.vii.14"
"165"	"Meteorus"	"artocercus"	"Stigenberg, 2011"	1	43	1170	"2004.vii.14"
"166"	"Meteorus"	"artocercus"	"Stigenberg, 2011"	1	43	1170	"2004.vii.14"
"167"	"Meteorus"	"artocercus"	"Stigenberg, 2011"	1	43	1170	"2004.vii.14"
"168"	"Meteorus"	"cespitator"	"(Thunberg, 1822)"	1	9	355	"2003.vi.18"
"169"	"Meteorus"	"cespitator"	"(Thunberg, 1822)"	1	10	399	"2003.viii.04"
"170"	"Meteorus"	"cespitator"	"(Thunberg, 1822)"	1	10	399	"2003.viii.04"
"171"	"Meteorus"	"cespitator"	"(Thunberg, 1822)"	1	24	1673	"2005.v.31"
"172"	"Meteorus"	"cespitator"	"(Thunberg, 1822)"	1	24	1673	"2005.v.31"
"173"	"Meteorus"	"cespitator"	"(Thunberg, 1822)"	1	24	1673	"2005.v.31"
"174"	"Meteorus"	"cespitator"	"(Thunberg, 1822)"	1	24	1673	"2005.v.31"
"175"	"Meteorus"	"cespitator"	"(Thunberg, 1822)"	1	26	1683	"2004.viii.17"
"176"	"Meteorus"	"cespitator"	"(Thunberg, 1822)"	1	48	1208	"2004.vii.08"
"177"	"Meteorus"	"cespitator"	"(Thunberg, 1822)"	1	48	1208	"2004.vii.08"
"178"	"Meteorus"	"cespitator"	"(Thunberg, 1822)"	1	48	1208	"2004.vii.08"
"179"	"Meteorus"	"cespitator"	"(Thunberg, 1822)"	1	48	1209	"2004.vii.29"
"180"	"Meteorus"	"cespitator"	"(Thunberg, 1822)"	1	48	1209	"2004.vii.29"
"181"	"Meteorus"	"cespitator"	"(Thunberg, 1822)"	1	48	1209	"2004.vii.29"
"182"	"Meteorus"	"cespitator"	"(Thunberg, 1822)"	1	48	1209	"2004.vii.29"
"183"	"Meteorus"	"cespitator"	"(Thunberg, 1822)"	1	48	1209	"2004.vii.29"
"184"	"Meteorus"	"cespitator"	"(Thunberg, 1822)"	1	48	1209	"2004.vii.29"
"185"	"Meteorus"	"cespitator"	"(Thunberg, 1822)"	1	57	203	"2003.viii.01"
"186"	"Meteorus"	"cespitator"	"(Thunberg, 1822)"	1	1001	1728	"2006.v.18"
"187"	"Meteorus"	"cespitator"	"(Thunberg, 1822)"	1	1002	1380	"2005.viii.24"
"188"	"Meteorus"	"cespitator"	"(Thunberg, 1822)"	1	1002	1380	"2005.viii.24"
"189"	"Meteorus"	"cespitator"	"(Thunberg, 1822)"	1	1003	1386	"2005.vi.18"
"190"	"Meteorus"	"cespitator"	"(Thunberg, 1822)"	1	2003	2037	"2006.viii.14"
"191"	"Meteorus"	"cespitator"	"(Thunberg, 1822)"	1	1001	1728	"2006.v.18"
"192"	"Meteorus"	"cinctellus"	"(Spinola, 1808)"	1	5	765	"2004.vi.30"
"193"	"Meteorus"	"cinctellus"	"(Spinola, 1808)"	1	6	368	"2003.vi.17"
"194"	"Meteorus"	"cinctellus"	"(Spinola, 1808)"	1	8	1602	"2005.vi.20"
"195"	"Meteorus"	"cinctellus"	"(Spinola, 1808)"	1	13	1644	"2005.vii.12"
"196"	"Meteorus"	"cinctellus"	"(Spinola, 1808)"	1	17	1517	"2005.vii.17"
"197"	"Meteorus"	"cinctellus"	"(Spinola, 1808)"	1	17	1517	"2005.vii.17"
"198"	"Meteorus"	"cinctellus"	"(Spinola, 1808)"	1	17	1517	"2005.vii.17"
"199"	"Meteorus"	"cinctellus"	"(Spinola, 1808)"	1	17	1517	"2005.vii.17"
"200"	"Meteorus"	"cinctellus"	"(Spinola, 1808)"	1	17	1517	"2005.vii.17"
"201"	"Meteorus"	"cinctellus"	"(Spinola, 1808)"	1	17	1517	"2005.vii.17"
"202"	"Meteorus"	"cinctellus"	"(Spinola, 1808)"	1	17	1517	"2005.vii.17"
"203"	"Meteorus"	"cinctellus"	"(Spinola, 1808)"	1	17	1517	"2005.vii.17"
"204"	"Meteorus"	"cinctellus"	"(Spinola, 1808)"	1	17	1517	"2005.vii.17"
"205"	"Meteorus"	"cinctellus"	"(Spinola, 1808)"	1	17	1517	"2005.vii.17"
"206"	"Meteorus"	"cinctellus"	"(Spinola, 1808)"	1	17	1517	"2005.vii.17"
"207"	"Meteorus"	"cinctellus"	"(Spinola, 1808)"	1	17	1517	"2005.vii.17"
"208"	"Meteorus"	"cinctellus"	"(Spinola, 1808)"	1	24	816	"2003.vi.26"
"209"	"Meteorus"	"cinctellus"	"(Spinola, 1808)"	1	24	816	"2003.vi.26"
"210"	"Meteorus"	"cinctellus"	"(Spinola, 1808)"	1	24	816	"2003.vi.26"
"211"	"Meteorus"	"cinctellus"	"(Spinola, 1808)"	1	24	816	"2003.vi.26"
"212"	"Meteorus"	"cinctellus"	"(Spinola, 1808)"	1	24	816	"2003.vi.26"
"213"	"Meteorus"	"cinctellus"	"(Spinola, 1808)"	1	24	816	"2003.vi.26"
"214"	"Meteorus"	"cinctellus"	"(Spinola, 1808)"	1	24	817	"2003.vii.15"
"215"	"Meteorus"	"cinctellus"	"(Spinola, 1808)"	1	24	817	"2003.vii.15"
"216"	"Meteorus"	"cinctellus"	"(Spinola, 1808)"	1	24	1310	"2004.vii.22"
"217"	"Meteorus"	"cinctellus"	"(Spinola, 1808)"	1	24	1310	"2004.vii.22"
"218"	"Meteorus"	"cinctellus"	"(Spinola, 1808)"	1	24	1674	"2005.vii.20"
"219"	"Meteorus"	"cinctellus"	"(Spinola, 1808)"	1	24	1672	"2005.iv.30"
"220"	"Meteorus"	"cinctellus"	"(Spinola, 1808)"	1	24	1672	"2005.iv.30"
"221"	"Meteorus"	"cinctellus"	"(Spinola, 1808)"	1	24	1309	"2004.vi.27"
"222"	"Meteorus"	"cinctellus"	"(Spinola, 1808)"	1	28	1465	"2005.vi.06"
"223"	"Meteorus"	"cinctellus"	"(Spinola, 1808)"	1	28	1465	"2005.vi.06"
"224"	"Meteorus"	"cinctellus"	"(Spinola, 1808)"	1	28	1465	"2005.vi.06"
"225"	"Meteorus"	"cinctellus"	"(Spinola, 1808)"	1	28	1465	"2005.vi.06"
"226"	"Meteorus"	"cinctellus"	"(Spinola, 1808)"	1	28	1465	"2005.vi.06"
"227"	"Meteorus"	"cinctellus"	"(Spinola, 1808)"	1	28	1465	"2005.vi.06"
"228"	"Meteorus"	"cinctellus"	"(Spinola, 1808)"	1	28	1465	"2005.vi.06"
"229"	"Meteorus"	"cinctellus"	"(Spinola, 1808)"	1	28	1465	"2005.vi.06"
"230"	"Meteorus"	"cinctellus"	"(Spinola, 1808)"	1	28	1465	"2005.vi.06"
"231"	"Meteorus"	"cinctellus"	"(Spinola, 1808)"	1	29	1396	"2005.vii.12"
"232"	"Meteorus"	"cinctellus"	"(Spinola, 1808)"	1	29	1394	"2005.vi.04"
"233"	"Meteorus"	"cinctellus"	"(Spinola, 1808)"	1	35	1787	"2005.v.25"
"234"	"Meteorus"	"cinctellus"	"(Spinola, 1808)"	1	35	1787	"2005.v.25"
"235"	"Meteorus"	"cinctellus"	"(Spinola, 1808)"	1	35	1787	"2005.v.25"
"236"	"Meteorus"	"cinctellus"	"(Spinola, 1808)"	1	35	1790	"2005.vii.08"
"237"	"Meteorus"	"cinctellus"	"(Spinola, 1808)"	1	35	1101	"2004.vii.14"
"238"	"Meteorus"	"cinctellus"	"(Spinola, 1808)"	1	37	831	"2004.v.20"
"239"	"Meteorus"	"cinctellus"	"(Spinola, 1808)"	1	37	831	"2004.v.20"
"240"	"Meteorus"	"cinctellus"	"(Spinola, 1808)"	1	37	831	"2004.v.20"
"241"	"Meteorus"	"cinctellus"	"(Spinola, 1808)"	1	37	834	"2004.vii.14"
"242"	"Meteorus"	"cinctellus"	"(Spinola, 1808)"	1	37	834	"2004.vii.14"
"243"	"Meteorus"	"cinctellus"	"(Spinola, 1808)"	1	38	1115	"2004.vi.29"
"244"	"Meteorus"	"cinctellus"	"(Spinola, 1808)"	1	43	1171	"2004.vii.28"
"245"	"Meteorus"	"cinctellus"	"(Spinola, 1808)"	1	43	1171	"2004.vii.28"
"246"	"Meteorus"	"cinctellus"	"(Spinola, 1808)"	1	43	1171	"2004.vii.28"
"247"	"Meteorus"	"cinctellus"	"(Spinola, 1808)"	1	43	1172	"2004.viii.11"
"248"	"Meteorus"	"cinctellus"	"(Spinola, 1808)"	1	43	1172	"2004.viii.11"
"249"	"Meteorus"	"cinctellus"	"(Spinola, 1808)"	1	43	1172	"2004.viii.11"
"250"	"Meteorus"	"cinctellus"	"(Spinola, 1808)"	1	43	1172	"2004.viii.11"
"251"	"Meteorus"	"cinctellus"	"(Spinola, 1808)"	1	43	1907	"2005.vi.15"
"252"	"Meteorus"	"cinctellus"	"(Spinola, 1808)"	1	43	1907	"2005.vi.15"
"253"	"Meteorus"	"cinctellus"	"(Spinola, 1808)"	1	43	1169	"2004.vi.30"
"254"	"Meteorus"	"cinctellus"	"(Spinola, 1808)"	1	43	1169	"2004.vi.30"
"255"	"Meteorus"	"cinctellus"	"(Spinola, 1808)"	1	45	1196	"2004.x.03"
"256"	"Meteorus"	"cinctellus"	"(Spinola, 1808)"	1	45	1196	"2004.x.03"
"257"	"Meteorus"	"cinctellus"	"(Spinola, 1808)"	1	45	1196	"2004.x.03"
"258"	"Meteorus"	"cinctellus"	"(Spinola, 1808)"	1	48	1209	"2004.vii.29"
"259"	"Meteorus"	"cinctellus"	"(Spinola, 1808)"	1	48	1210	"2004.viii.13"
"260"	"Meteorus"	"cinctellus"	"(Spinola, 1808)"	1	48	1210	"2004.viii.13"
"261"	"Meteorus"	"cinctellus"	"(Spinola, 1808)"	1	48	1210	"2004.viii.13"
"262"	"Meteorus"	"cinctellus"	"(Spinola, 1808)"	1	48	1210	"2004.viii.13"
"263"	"Meteorus"	"cinctellus"	"(Spinola, 1808)"	1	49	709	"2003.viii.22"
"264"	"Meteorus"	"cinctellus"	"(Spinola, 1808)"	1	50	1223	"2004.vii.08"
"265"	"Meteorus"	"cinctellus"	"(Spinola, 1808)"	1	50	1223	"2004.vii.08"
"266"	"Meteorus"	"cinctellus"	"(Spinola, 1808)"	1	50	1223	"2004.vii.08"
"267"	"Meteorus"	"cinctellus"	"(Spinola, 1808)"	1	50	1223	"2004.vii.08"
"268"	"Meteorus"	"cinctellus"	"(Spinola, 1808)"	1	50	1223	"2004.vii.08"
"269"	"Meteorus"	"cinctellus"	"(Spinola, 1808)"	1	50	1223	"2004.vii.08"
"270"	"Meteorus"	"cinctellus"	"(Spinola, 1808)"	1	50	1223	"2004.vii.08"
"271"	"Meteorus"	"cinctellus"	"(Spinola, 1808)"	1	50	1223	"2004.vii.08"
"272"	"Meteorus"	"cinctellus"	"(Spinola, 1808)"	1	50	1223	"2004.vii.08"
"273"	"Meteorus"	"cinctellus"	"(Spinola, 1808)"	1	50	1223	"2004.vii.08"
"274"	"Meteorus"	"cinctellus"	"(Spinola, 1808)"	1	50	1223	"2004.vii.08"
"275"	"Meteorus"	"cinctellus"	"(Spinola, 1808)"	1	50	1223	"2004.vii.08"
"276"	"Meteorus"	"cinctellus"	"(Spinola, 1808)"	1	50	1223	"2004.vii.08"
"277"	"Meteorus"	"cinctellus"	"(Spinola, 1808)"	1	50	1223	"2004.vii.08"
"278"	"Meteorus"	"cinctellus"	"(Spinola, 1808)"	1	50	1223	"2004.vii.08"
"279"	"Meteorus"	"cinctellus"	"(Spinola, 1808)"	1	50	1223	"2004.vii.08"
"280"	"Meteorus"	"cinctellus"	"(Spinola, 1808)"	1	50	1223	"2004.vii.08"
"281"	"Meteorus"	"cinctellus"	"(Spinola, 1808)"	1	50	1223	"2004.vii.08"
"282"	"Meteorus"	"cinctellus"	"(Spinola, 1808)"	1	50	1223	"2004.vii.08"
"283"	"Meteorus"	"cinctellus"	"(Spinola, 1808)"	1	50	1223	"2004.vii.08"
"284"	"Meteorus"	"cinctellus"	"(Spinola, 1808)"	1	50	1223	"2004.vii.08"
"285"	"Meteorus"	"cinctellus"	"(Spinola, 1808)"	1	50	1223	"2004.vii.08"
"286"	"Meteorus"	"cinctellus"	"(Spinola, 1808)"	1	50	1223	"2004.vii.08"
"287"	"Meteorus"	"cinctellus"	"(Spinola, 1808)"	1	55	195	"2003.viii.01"
"288"	"Meteorus"	"cinctellus"	"(Spinola, 1808)"	1	60	215	"2003.viii.01"
"289"	"Meteorus"	"cinctellus"	"(Spinola, 1808)"	1	1001	1332	"2005.vii.02"
"290"	"Meteorus"	"cinctellus"	"(Spinola, 1808)"	1	1001	1366	"2005.ix.12"
"291"	"Meteorus"	"cinctellus"	"(Spinola, 1808)"	1	1002	1371	"2005.v.14"
"292"	"Meteorus"	"cinctellus"	"(Spinola, 1808)"	1	1002	1376	"2005.vii.15"
"293"	"Meteorus"	"cinctellus"	"(Spinola, 1808)"	1	1002	1376	"2005.vii.15"
"294"	"Meteorus"	"cinctellus"	"(Spinola, 1808)"	1	1002	1376	"2005.vii.15"
"295"	"Meteorus"	"cinctellus"	"(Spinola, 1808)"	1	1002	1376	"2005.vii.15"
"296"	"Meteorus"	"cinctellus"	"(Spinola, 1808)"	1	1002	1376	"2005.vii.15"
"297"	"Meteorus"	"cinctellus"	"(Spinola, 1808)"	1	1002	1376	"2005.vii.15"
"298"	"Meteorus"	"cinctellus"	"(Spinola, 1808)"	1	1002	1376	"2005.vii.15"
"299"	"Meteorus"	"cinctellus"	"(Spinola, 1808)"	1	1002	1376	"2005.vii.15"
"300"	"Meteorus"	"cinctellus"	"(Spinola, 1808)"	1	1002	1376	"2005.vii.15"
"301"	"Meteorus"	"cinctellus"	"(Spinola, 1808)"	1	1002	1376	"2005.vii.15"
"302"	"Meteorus"	"cinctellus"	"(Spinola, 1808)"	1	1002	1376	"2005.vii.15"
"303"	"Meteorus"	"cinctellus"	"(Spinola, 1808)"	1	1002	1378	"2005.vii.23"
"304"	"Meteorus"	"cinctellus"	"(Spinola, 1808)"	1	1002	1378	"2005.vii.23"
"305"	"Meteorus"	"cinctellus"	"(Spinola, 1808)"	1	1002	1378	"2005.vii.23"
"306"	"Meteorus"	"cinctellus"	"(Spinola, 1808)"	1	1002	1372	"2005.vi.04"
"307"	"Meteorus"	"cinctellus"	"(Spinola, 1808)"	1	1002	1372	"2005.vi.04"
"308"	"Meteorus"	"cinctellus"	"(Spinola, 1808)"	1	1003	1386	"2005.vi.18"
"309"	"Meteorus"	"cinctellus"	"(Spinola, 1808)"	1	1003	1386	"2005.vi.18"
"310"	"Meteorus"	"cinctellus"	"(Spinola, 1808)"	1	1003	1388	"2005.vii.10"
"311"	"Meteorus"	"cinctellus"	"(Spinola, 1808)"	1	1003	1388	"2005.vii.10"
"312"	"Meteorus"	"cinctellus"	"(Spinola, 1808)"	1	1004	1898	"2005.viii.09"
"313"	"Meteorus"	"cinctellus"	"(Spinola, 1808)"	1	2046	2058	"2008.ix.01"
"314"	"Meteorus"	"cis"	"(Bouché, 1834)"	1	9	1610	"2005.vi.24"
"315"	"Meteorus"	"cis"	"(Bouché, 1834)"	1	9	1611	"2005.vii.16"
"316"	"Meteorus"	"cis"	"(Bouché, 1834)"	1	9	1614	"2005.ix.05"
"317"	"Meteorus"	"cis"	"(Bouché, 1834)"	1	10	397	"2003.vii.08"
"318"	"Meteorus"	"cis"	"(Bouché, 1834)"	1	24	818	"2003.viii.01"
"319"	"Meteorus"	"cis"	"(Bouché, 1834)"	1	24	818	"2003.viii.01"
"320"	"Meteorus"	"cis"	"(Bouché, 1834)"	1	26	1692	"2005.vii.19"
"321"	"Meteorus"	"cis"	"(Bouché, 1834)"	1	48	1209	"2004.vii.29"
"322"	"Meteorus"	"cis"	"(Bouché, 1834)"	1	49	709	"2003.viii.22"
"323"	"Meteorus"	"cis"	"(Bouché, 1834)"	1	50	1223	"2004.vii.08"
"324"	"Meteorus"	"cis"	"(Bouché, 1834)"	1	50	1226	"2004.viii.19"
"325"	"Meteorus"	"cis"	"(Bouché, 1834)"	1	1000	1367	"2005.ix.12"
"326"	"Meteorus"	"colon"	"(Haliday, 1835)"	1	4	88	"2003.vii.02"
"327"	"Meteorus"	"colon"	"(Haliday, 1835)"	1	4	88	"2003.vii.02"
"328"	"Meteorus"	"colon"	"(Haliday, 1835)"	1	4	88	"2003.vii.02"
"329"	"Meteorus"	"colon"	"(Haliday, 1835)"	1	4	89	"2003.vii.21"
"330"	"Meteorus"	"colon"	"(Haliday, 1835)"	1	4	89	"2003.vii.21"
"331"	"Meteorus"	"colon"	"(Haliday, 1835)"	1	4	114	"2003.viii.04"
"332"	"Meteorus"	"colon"	"(Haliday, 1835)"	1	4	114	"2003.viii.04"
"333"	"Meteorus"	"colon"	"(Haliday, 1835)"	1	4	223	"2003.viii.26"
"334"	"Meteorus"	"colon"	"(Haliday, 1835)"	1	4	225	"2003.ix.25"
"335"	"Meteorus"	"colon"	"(Haliday, 1835)"	1	4	809	"2004.vi.21"
"336"	"Meteorus"	"colon"	"(Haliday, 1835)"	1	4	809	"2004.vi.21"
"337"	"Meteorus"	"colon"	"(Haliday, 1835)"	1	4	809	"2004.vi.21"
"338"	"Meteorus"	"colon"	"(Haliday, 1835)"	1	4	809	"2004.vi.21"
"339"	"Meteorus"	"colon"	"(Haliday, 1835)"	1	4	809	"2004.vi.21"
"340"	"Meteorus"	"colon"	"(Haliday, 1835)"	1	4	809	"2004.vi.21"
"341"	"Meteorus"	"colon"	"(Haliday, 1835)"	1	4	809	"2004.vi.21"
"342"	"Meteorus"	"colon"	"(Haliday, 1835)"	1	4	809	"2004.vi.21"
"343"	"Meteorus"	"colon"	"(Haliday, 1835)"	1	4	810	"2004.vii.20"
"344"	"Meteorus"	"colon"	"(Haliday, 1835)"	1	4	811	"2004.viii.11"
"345"	"Meteorus"	"colon"	"(Haliday, 1835)"	1	4	811	"2004.viii.11"
"346"	"Meteorus"	"colon"	"(Haliday, 1835)"	1	4	1849	"2005.vii.22"
"347"	"Meteorus"	"colon"	"(Haliday, 1835)"	1	4	1849	"2005.vii.22"
"348"	"Meteorus"	"colon"	"(Haliday, 1835)"	1	9	1610	"2005.vi.24"
"349"	"Meteorus"	"colon"	"(Haliday, 1835)"	1	9	1610	"2005.vi.24"
"350"	"Meteorus"	"colon"	"(Haliday, 1835)"	1	9	1610	"2005.vi.24"
"351"	"Meteorus"	"colon"	"(Haliday, 1835)"	1	9	1610	"2005.vi.24"
"352"	"Meteorus"	"colon"	"(Haliday, 1835)"	1	9	1610	"2005.vi.24"
"353"	"Meteorus"	"colon"	"(Haliday, 1835)"	1	9	1611	"2005.vii.16"
"354"	"Meteorus"	"colon"	"(Haliday, 1835)"	1	9	1611	"2005.vii.16"
"355"	"Meteorus"	"colon"	"(Haliday, 1835)"	1	9	1611	"2005.vii.16"
"356"	"Meteorus"	"colon"	"(Haliday, 1835)"	1	10	397	"2003.vii.08"
"357"	"Meteorus"	"colon"	"(Haliday, 1835)"	1	10	399	"2003.viii.04"
"358"	"Meteorus"	"colon"	"(Haliday, 1835)"	1	10	399	"2003.viii.04"
"359"	"Meteorus"	"colon"	"(Haliday, 1835)"	1	10	401	"2003.ix.16"
"360"	"Meteorus"	"colon"	"(Haliday, 1835)"	1	10	1625	"2005.viii.01"
"361"	"Meteorus"	"colon"	"(Haliday, 1835)"	1	17	1519	"2005.ix.13"
"362"	"Meteorus"	"colon"	"(Haliday, 1835)"	1	18	341	"2004.vi.30"
"363"	"Meteorus"	"colon"	"(Haliday, 1835)"	1	21	240	"2003.viii.01"
"364"	"Meteorus"	"colon"	"(Haliday, 1835)"	1	22	246	"2003.vii.17"
"365"	"Meteorus"	"colon"	"(Haliday, 1835)"	1	24	1674	"2005.vii.20"
"366"	"Meteorus"	"colon"	"(Haliday, 1835)"	1	24	1674	"2005.vii.20"
"367"	"Meteorus"	"colon"	"(Haliday, 1835)"	1	24	1674	"2005.vii.20"
"368"	"Meteorus"	"colon"	"(Haliday, 1835)"	1	24	1309	"2004.vi.27"
"369"	"Meteorus"	"colon"	"(Haliday, 1835)"	1	25	453	"2003.ix.06"
"370"	"Meteorus"	"colon"	"(Haliday, 1835)"	1	25	453	"2003.ix.06"
"371"	"Meteorus"	"colon"	"(Haliday, 1835)"	1	27	1038	"2004.ix.06"
"372"	"Meteorus"	"colon"	"(Haliday, 1835)"	1	36	828	"2004.viii.06"
"373"	"Meteorus"	"colon"	"(Haliday, 1835)"	1	37	833	"2004.vii.03"
"374"	"Meteorus"	"colon"	"(Haliday, 1835)"	1	37	834	"2004.vii.14"
"375"	"Meteorus"	"colon"	"(Haliday, 1835)"	1	37	834	"2004.vii.14"
"376"	"Meteorus"	"colon"	"(Haliday, 1835)"	1	37	834	"2004.vii.14"
"377"	"Meteorus"	"colon"	"(Haliday, 1835)"	1	37	834	"2004.vii.14"
"378"	"Meteorus"	"colon"	"(Haliday, 1835)"	1	37	834	"2004.vii.14"
"379"	"Meteorus"	"colon"	"(Haliday, 1835)"	1	37	835	"2004.viii.06"
"380"	"Meteorus"	"colon"	"(Haliday, 1835)"	1	37	835	"2004.viii.06"
"381"	"Meteorus"	"colon"	"(Haliday, 1835)"	1	37	835	"2004.viii.06"
"382"	"Meteorus"	"colon"	"(Haliday, 1835)"	1	37	835	"2004.viii.06"
"383"	"Meteorus"	"colon"	"(Haliday, 1835)"	1	37	835	"2004.viii.06"
"384"	"Meteorus"	"colon"	"(Haliday, 1835)"	1	37	835	"2004.viii.06"
"385"	"Meteorus"	"colon"	"(Haliday, 1835)"	1	37	571	"2003.viii.15"
"386"	"Meteorus"	"colon"	"(Haliday, 1835)"	1	37	1823	"2005.viii.09"
"387"	"Meteorus"	"colon"	"(Haliday, 1835)"	1	37	1823	"2005.viii.09"
"388"	"Meteorus"	"colon"	"(Haliday, 1835)"	1	37	1823	"2005.viii.09"
"389"	"Meteorus"	"colon"	"(Haliday, 1835)"	1	37	1823	"2005.viii.09"
"390"	"Meteorus"	"colon"	"(Haliday, 1835)"	1	37	570	"2003.vii.15"
"391"	"Meteorus"	"colon"	"(Haliday, 1835)"	1	37	570	"2003.vii.15"
"392"	"Meteorus"	"colon"	"(Haliday, 1835)"	1	37	570	"2003.vii.15"
"393"	"Meteorus"	"colon"	"(Haliday, 1835)"	1	37	570	"2003.vii.15"
"394"	"Meteorus"	"colon"	"(Haliday, 1835)"	1	37	570	"2003.vii.15"
"395"	"Meteorus"	"colon"	"(Haliday, 1835)"	1	37	570	"2003.vii.15"
"396"	"Meteorus"	"colon"	"(Haliday, 1835)"	1	37	570	"2003.vii.15"
"397"	"Meteorus"	"colon"	"(Haliday, 1835)"	1	40	1817	"2005.viii.08"
"398"	"Meteorus"	"colon"	"(Haliday, 1835)"	1	41	1887	"2005.ix.21"
"399"	"Meteorus"	"colon"	"(Haliday, 1835)"	1	42	645	"2003.vii.25"
"400"	"Meteorus"	"colon"	"(Haliday, 1835)"	1	43	1170	"2004.vii.14"
"401"	"Meteorus"	"colon"	"(Haliday, 1835)"	1	43	1913	"2005.ix.09"
"402"	"Meteorus"	"colon"	"(Haliday, 1835)"	1	45	294	"2003.ix.21"
"403"	"Meteorus"	"colon"	"(Haliday, 1835)"	1	45	291	"2003.viii.05"
"404"	"Meteorus"	"colon"	"(Haliday, 1835)"	1	48	1208	"2004.vii.08"
"405"	"Meteorus"	"colon"	"(Haliday, 1835)"	1	48	1208	"2004.vii.08"
"406"	"Meteorus"	"colon"	"(Haliday, 1835)"	1	51	1233	"2004.vii.21"
"407"	"Meteorus"	"colon"	"(Haliday, 1835)"	1	51	1233	"2004.vii.21"
"408"	"Meteorus"	"colon"	"(Haliday, 1835)"	1	51	1233	"2004.vii.21"
"409"	"Meteorus"	"colon"	"(Haliday, 1835)"	1	51	1233	"2004.vii.21"
"410"	"Meteorus"	"colon"	"(Haliday, 1835)"	1	51	1233	"2004.vii.21"
"411"	"Meteorus"	"colon"	"(Haliday, 1835)"	1	52	185	"2003.ix.01"
"412"	"Meteorus"	"colon"	"(Haliday, 1835)"	1	54	191	"2003.viii.01"
"413"	"Meteorus"	"colon"	"(Haliday, 1835)"	1	55	195	"2003.viii.01"
"414"	"Meteorus"	"colon"	"(Haliday, 1835)"	1	55	195	"2003.viii.01"
"415"	"Meteorus"	"colon"	"(Haliday, 1835)"	1	55	195	"2003.viii.01"
"416"	"Meteorus"	"colon"	"(Haliday, 1835)"	1	55	195	"2003.viii.01"
"417"	"Meteorus"	"colon"	"(Haliday, 1835)"	1	55	196	"2003.viii.18"
"418"	"Meteorus"	"colon"	"(Haliday, 1835)"	1	55	196	"2003.viii.18"
"419"	"Meteorus"	"colon"	"(Haliday, 1835)"	1	55	196	"2003.viii.18"
"420"	"Meteorus"	"colon"	"(Haliday, 1835)"	1	55	196	"2003.viii.18"
"421"	"Meteorus"	"colon"	"(Haliday, 1835)"	1	55	196	"2003.viii.18"
"422"	"Meteorus"	"colon"	"(Haliday, 1835)"	1	57	204	"2003.viii.18"
"423"	"Meteorus"	"colon"	"(Haliday, 1835)"	1	57	205	"2003.ix.01"
"424"	"Meteorus"	"colon"	"(Haliday, 1835)"	1	57	206	"2003.ix.22"
"425"	"Meteorus"	"colon"	"(Haliday, 1835)"	1	58	207	"2003.viii.01"
"426"	"Meteorus"	"colon"	"(Haliday, 1835)"	1	58	207	"2003.viii.01"
"427"	"Meteorus"	"colon"	"(Haliday, 1835)"	1	58	209	"2003.ix.01"
"428"	"Meteorus"	"colon"	"(Haliday, 1835)"	1	60	216	"2003.viii.18"
"429"	"Meteorus"	"colon"	"(Haliday, 1835)"	1	60	759	"2003.x.14"
"430"	"Meteorus"	"colon"	"(Haliday, 1835)"	1	1000	1362	"2005.viii.24"
"431"	"Meteorus"	"colon"	"(Haliday, 1835)"	1	1000	1362	"2005.viii.24"
"432"	"Meteorus"	"colon"	"(Haliday, 1835)"	1	1000	1367	"2005.ix.12"
"433"	"Meteorus"	"colon"	"(Haliday, 1835)"	1	1000	1428	"2005.x.10"
"434"	"Meteorus"	"colon"	"(Haliday, 1835)"	1	1000	1428	"2005.x.10"
"435"	"Meteorus"	"colon"	"(Haliday, 1835)"	1	1000	1428	"2005.x.10"
"436"	"Meteorus"	"colon"	"(Haliday, 1835)"	1	1001	1331	"2005.vi.27"
"437"	"Meteorus"	"colon"	"(Haliday, 1835)"	1	1001	1332	"2005.vii.02"
"438"	"Meteorus"	"colon"	"(Haliday, 1835)"	1	1001	1332	"2005.vii.02"
"439"	"Meteorus"	"colon"	"(Haliday, 1835)"	1	1001	1333	"2005.vii.12"
"440"	"Meteorus"	"colon"	"(Haliday, 1835)"	1	1001	1334	"2005.vii.18"
"441"	"Meteorus"	"colon"	"(Haliday, 1835)"	1	1001	1334	"2005.vii.18"
"442"	"Meteorus"	"colon"	"(Haliday, 1835)"	1	1001	1435	"2005.xi.12"
"443"	"Meteorus"	"colon"	"(Haliday, 1835)"	1	1001	1434	"2005.x.10"
"444"	"Meteorus"	"colon"	"(Haliday, 1835)"	1	1001	1434	"2005.x.10"
"445"	"Meteorus"	"colon"	"(Haliday, 1835)"	1	1001	1434	"2005.x.10"
"446"	"Meteorus"	"colon"	"(Haliday, 1835)"	1	1001	1434	"2005.x.10"
"447"	"Meteorus"	"colon"	"(Haliday, 1835)"	1	1001	1434	"2005.x.10"
"448"	"Meteorus"	"colon"	"(Haliday, 1835)"	1	1001	1434	"2005.x.10"
"449"	"Meteorus"	"colon"	"(Haliday, 1835)"	1	1001	1354	"2005.viii.02"
"450"	"Meteorus"	"colon"	"(Haliday, 1835)"	1	1001	1333	"2005.vii.12"
"451"	"Meteorus"	"colon"	"(Haliday, 1835)"	1	1001	1333	"2005.vii.12"
"452"	"Meteorus"	"colon"	"(Haliday, 1835)"	1	1003	1386	"2005.vi.18"
"453"	"Meteorus"	"colon"	"(Haliday, 1835)"	1	1003	1388	"2005.vii.10"
"454"	"Meteorus"	"colon"	"(Haliday, 1835)"	1	1003	1388	"2005.vii.10"
"455"	"Meteorus"	"colon"	"(Haliday, 1835)"	1	1003	1388	"2005.vii.10"
"456"	"Meteorus"	"colon"	"(Haliday, 1835)"	1	1003	1388	"2005.vii.10"
"457"	"Meteorus"	"colon"	"(Haliday, 1835)"	1	1003	1389	"2005.vii.24"
"458"	"Meteorus"	"colon"	"(Haliday, 1835)"	1	1003	1389	"2005.vii.24"
"459"	"Meteorus"	"colon"	"(Haliday, 1835)"	1	1003	1389	"2005.vii.24"
"460"	"Meteorus"	"colon"	"(Haliday, 1835)"	1	1008	1739	"2006.vi.22"
"461"	"Meteorus"	"colon"	"(Haliday, 1835)"	1	1008	1743	"2006.vii.16"
"462"	"Meteorus"	"colon"	"(Haliday, 1835)"	1	1008	1488	"2005.ix.20"
"463"	"Meteorus"	"colon"	"(Haliday, 1835)"	1	1008	1489	"2005.x.20"
"464"	"Meteorus"	"colon"	"(Haliday, 1835)"	1	1008	1745	"2006.vii.28"
"465"	"Meteorus"	"colon"	"(Haliday, 1835)"	1	1008	1745	"2006.vii.28"
"466"	"Meteorus"	"consimilis"	"(Nees, 1834)"	1	2	789	"2004.viii.11"
"467"	"Meteorus"	"consimilis"	"(Nees, 1834)"	1	2	789	"2004.viii.11"
"468"	"Meteorus"	"consimilis"	"(Nees, 1834)"	1	5	768	"2004.viii.16"
"469"	"Meteorus"	"consimilis"	"(Nees, 1834)"	1	5	768	"2004.viii.16"
"470"	"Meteorus"	"consimilis"	"(Nees, 1834)"	1	5	768	"2004.viii.16"
"471"	"Meteorus"	"consimilis"	"(Nees, 1834)"	1	5	768	"2004.viii.16"
"472"	"Meteorus"	"consimilis"	"(Nees, 1834)"	1	5	768	"2004.viii.16"
"473"	"Meteorus"	"consimilis"	"(Nees, 1834)"	1	5	768	"2004.viii.16"
"474"	"Meteorus"	"consimilis"	"(Nees, 1834)"	1	5	768	"2004.viii.16"
"475"	"Meteorus"	"consimilis"	"(Nees, 1834)"	1	5	768	"2004.viii.16"
"476"	"Meteorus"	"consimilis"	"(Nees, 1834)"	1	10	1625	"2005.viii.01"
"477"	"Meteorus"	"consimilis"	"(Nees, 1834)"	1	10	1625	"2005.viii.01"
"478"	"Meteorus"	"consimilis"	"(Nees, 1834)"	1	11	412	"2003.viii.04"
"479"	"Meteorus"	"consimilis"	"(Nees, 1834)"	1	18	344	"2004.vii.30"
"480"	"Meteorus"	"consimilis"	"(Nees, 1834)"	1	20	234	"2003.vii.20"
"481"	"Meteorus"	"consimilis"	"(Nees, 1834)"	1	20	234	"2003.vii.20"
"482"	"Meteorus"	"consimilis"	"(Nees, 1834)"	1	22	247	"2003.viii.07"
"483"	"Meteorus"	"consimilis"	"(Nees, 1834)"	1	22	1363	"2005.viii.01"
"484"	"Meteorus"	"consimilis"	"(Nees, 1834)"	1	22	1363	"2005.viii.01"
"485"	"Meteorus"	"consimilis"	"(Nees, 1834)"	1	24	818	"2003.viii.01"
"486"	"Meteorus"	"consimilis"	"(Nees, 1834)"	1	24	818	"2003.viii.01"
"487"	"Meteorus"	"consimilis"	"(Nees, 1834)"	1	24	1310	"2004.vii.22"
"488"	"Meteorus"	"consimilis"	"(Nees, 1834)"	1	25	451	"2003.vii.22"
"489"	"Meteorus"	"consimilis"	"(Nees, 1834)"	1	25	451	"2003.vii.22"
"490"	"Meteorus"	"consimilis"	"(Nees, 1834)"	1	27	1038	"2004.ix.06"
"491"	"Meteorus"	"consimilis"	"(Nees, 1834)"	1	27	1038	"2004.ix.06"
"492"	"Meteorus"	"consimilis"	"(Nees, 1834)"	1	27	1038	"2004.ix.06"
"493"	"Meteorus"	"consimilis"	"(Nees, 1834)"	1	28	1459	"2004.viii.02"
"494"	"Meteorus"	"consimilis"	"(Nees, 1834)"	1	28	1459	"2004.viii.02"
"495"	"Meteorus"	"consimilis"	"(Nees, 1834)"	1	28	1459	"2004.viii.02"
"496"	"Meteorus"	"consimilis"	"(Nees, 1834)"	1	28	1459	"2004.viii.02"
"497"	"Meteorus"	"consimilis"	"(Nees, 1834)"	1	32	1532	"2005.viii.03"
"498"	"Meteorus"	"consimilis"	"(Nees, 1834)"	1	32	1532	"2005.viii.03"
"499"	"Meteorus"	"consimilis"	"(Nees, 1834)"	1	32	1533	"2005.viii.18"
"500"	"Meteorus"	"consimilis"	"(Nees, 1834)"	1	32	1532	"2005.viii.03"
"501"	"Meteorus"	"consimilis"	"(Nees, 1834)"	1	32	1532	"2005.viii.03"
"502"	"Meteorus"	"consimilis"	"(Nees, 1834)"	1	37	571	"2003.viii.15"
"503"	"Meteorus"	"consimilis"	"(Nees, 1834)"	1	37	1823	"2005.viii.09"
"504"	"Meteorus"	"consimilis"	"(Nees, 1834)"	1	37	570	"2003.vii.15"
"505"	"Meteorus"	"consimilis"	"(Nees, 1834)"	1	38	580	"2003.viii.07"
"506"	"Meteorus"	"consimilis"	"(Nees, 1834)"	1	38	580	"2003.viii.07"
"507"	"Meteorus"	"consimilis"	"(Nees, 1834)"	1	41	1780	"2005.viii.03"
"508"	"Meteorus"	"consimilis"	"(Nees, 1834)"	1	1001	1355	"2005.viii.13"
"509"	"Meteorus"	"consimilis"	"(Nees, 1834)"	1	1001	1355	"2005.viii.13"
"510"	"Meteorus"	"consimilis"	"(Nees, 1834)"	1	1001	1355	"2005.viii.13"
"511"	"Meteorus"	"consimilis"	"(Nees, 1834)"	1	1001	1355	"2005.viii.13"
"512"	"Meteorus"	"consimilis"	"(Nees, 1834)"	1	1001	1355	"2005.viii.13"
"513"	"Meteorus"	"consimilis"	"(Nees, 1834)"	1	1001	1355	"2005.viii.13"
"514"	"Meteorus"	"consimilis"	"(Nees, 1834)"	1	1001	1355	"2005.viii.13"
"515"	"Meteorus"	"consimilis"	"(Nees, 1834)"	1	1001	1355	"2005.viii.13"
"516"	"Meteorus"	"consimilis"	"(Nees, 1834)"	1	1001	1355	"2005.viii.13"
"517"	"Meteorus"	"consimilis"	"(Nees, 1834)"	1	1001	1361	"2005.viii.24"
"518"	"Meteorus"	"consimilis"	"(Nees, 1834)"	1	1001	1361	"2005.viii.24"
"519"	"Meteorus"	"consimilis"	"(Nees, 1834)"	1	1001	1361	"2005.viii.24"
"520"	"Meteorus"	"consimilis"	"(Nees, 1834)"	1	1001	1361	"2005.viii.24"
"521"	"Meteorus"	"consimilis"	"(Nees, 1834)"	1	1001	1354	"2005.viii.02"
"522"	"Meteorus"	"consimilis"	"(Nees, 1834)"	1	1001	1354	"2005.viii.02"
"523"	"Meteorus"	"consimilis"	"(Nees, 1834)"	1	1001	1354	"2005.viii.02"
"524"	"Meteorus"	"consimilis"	"(Nees, 1834)"	1	1002	1376	"2005.vii.15"
"525"	"Meteorus"	"consimilis"	"(Nees, 1834)"	1	1002	1376	"2005.vii.15"
"526"	"Meteorus"	"consimilis"	"(Nees, 1834)"	1	1002	1891	"2005.x.03"
"527"	"Meteorus"	"consimilis"	"(Nees, 1834)"	1	1003	1389	"2005.vii.24"
"528"	"Meteorus"	"consimilis"	"(Nees, 1834)"	1	1003	1389	"2005.vii.24"
"529"	"Meteorus"	"consimilis"	"(Nees, 1834)"	1	1003	1389	"2005.vii.24"
"530"	"Meteorus"	"consimilis"	"(Nees, 1834)"	1	1003	1389	"2005.vii.24"
"531"	"Meteorus"	"consimilis"	"(Nees, 1834)"	1	1006	1424	"2005.v.22"
"532"	"Meteorus"	"consimilis"	"(Nees, 1834)"	1	1008	1745	"2006.vii.28"
"533"	"Meteorus"	"consimilis"	"(Nees, 1834)"	1	2046	2056	"2008.viii.01"
"534"	"Meteorus"	"corax"	"Marshall, 1898"	1	61	1302	"2004.vii.23"
"535"	"Meteorus"	"densipilosus"	"Stigenberg, 2011"	1	1000	1362	"2005.viii.24"
"536"	"Meteorus"	"eklundi"	"Stigenberg, 2011"	1	22	244	"2003.vi.25"
"537"	"Meteorus"	"eklundi"	"Stigenberg, 2011"	1	22	1725	"2006.v.20"
"538"	"Meteorus"	"eklundi"	"Stigenberg, 2011"	1	24	816	"2003.vi.26"
"539"	"Meteorus"	"eklundi"	"Stigenberg, 2011"	1	43	1169	"2004.vi.30"
"540"	"Meteorus"	"filator"	"(Haliday, 1835)"	1	10	397	"2003.vii.08"
"541"	"Meteorus"	"filator"	"(Haliday, 1835)"	1	10	398	"2003.vii.21"
"542"	"Meteorus"	"filator"	"(Haliday, 1835)"	1	10	399	"2003.viii.04"
"543"	"Meteorus"	"filator"	"(Haliday, 1835)"	1	10	400	"2003.viii.26"
"544"	"Meteorus"	"filator"	"(Haliday, 1835)"	1	10	400	"2003.viii.26"
"545"	"Meteorus"	"filator"	"(Haliday, 1835)"	1	10	401	"2003.ix.16"
"546"	"Meteorus"	"filator"	"(Haliday, 1835)"	1	10	1625	"2005.viii.01"
"547"	"Meteorus"	"filator"	"(Haliday, 1835)"	1	10	1625	"2005.viii.01"
"548"	"Meteorus"	"filator"	"(Haliday, 1835)"	1	10	1625	"2005.viii.01"
"549"	"Meteorus"	"filator"	"(Haliday, 1835)"	1	10	1625	"2005.viii.01"
"550"	"Meteorus"	"filator"	"(Haliday, 1835)"	1	17	1516	"2005.vii.01"
"551"	"Meteorus"	"filator"	"(Haliday, 1835)"	1	1002	1378	"2005.vii.23"
"552"	"Meteorus"	"filator"	"(Haliday, 1835)"	1	1002	1378	"2005.vii.23"
"553"	"Meteorus"	"filator"	"(Haliday, 1835)"	1	1002	1378	"2005.vii.23"
"554"	"Meteorus"	"filator"	"(Haliday, 1835)"	1	1002	1378	"2005.vii.23"
"555"	"Meteorus"	"filator"	"(Haliday, 1835)"	1	1002	1378	"2005.vii.23"
"556"	"Meteorus"	"filator"	"(Haliday, 1835)"	1	1002	1378	"2005.vii.23"
"557"	"Meteorus"	"filator"	"(Haliday, 1835)"	1	1002	1378	"2005.vii.23"
"558"	"Meteorus"	"filator"	"(Haliday, 1835)"	1	1002	1378	"2005.vii.23"
"559"	"Meteorus"	"filator"	"(Haliday, 1835)"	1	1002	1378	"2005.vii.23"
"560"	"Meteorus"	"filator"	"(Haliday, 1835)"	1	1002	1378	"2005.vii.23"
"561"	"Meteorus"	"filator"	"(Haliday, 1835)"	1	1002	1378	"2005.vii.23"
"562"	"Meteorus"	"filator"	"(Haliday, 1835)"	1	1002	1378	"2005.vii.23"
"563"	"Meteorus"	"filator"	"(Haliday, 1835)"	1	1002	1378	"2005.vii.23"
"564"	"Meteorus"	"filator"	"(Haliday, 1835)"	1	1002	1378	"2005.vii.23"
"565"	"Meteorus"	"filator"	"(Haliday, 1835)"	1	1002	1378	"2005.vii.23"
"566"	"Meteorus"	"filator"	"(Haliday, 1835)"	1	1002	1378	"2005.vii.23"
"567"	"Meteorus"	"filator"	"(Haliday, 1835)"	1	1002	1378	"2005.vii.23"
"568"	"Meteorus"	"filator"	"(Haliday, 1835)"	1	1002	1378	"2005.vii.23"
"569"	"Meteorus"	"filator"	"(Haliday, 1835)"	1	1002	1379	"2005.viii.12"
"570"	"Meteorus"	"filator"	"(Haliday, 1835)"	1	1002	1379	"2005.viii.12"
"571"	"Meteorus"	"filator"	"(Haliday, 1835)"	1	1002	1379	"2005.viii.12"
"572"	"Meteorus"	"filator"	"(Haliday, 1835)"	1	1002	1379	"2005.viii.12"
"573"	"Meteorus"	"filator"	"(Haliday, 1835)"	1	1002	1379	"2005.viii.12"
"574"	"Meteorus"	"filator"	"(Haliday, 1835)"	1	1002	1379	"2005.viii.12"
"575"	"Meteorus"	"filator"	"(Haliday, 1835)"	1	1002	1379	"2005.viii.12"
"576"	"Meteorus"	"filator"	"(Haliday, 1835)"	1	1002	1379	"2005.viii.12"
"577"	"Meteorus"	"filator"	"(Haliday, 1835)"	1	1002	1379	"2005.viii.12"
"578"	"Meteorus"	"filator"	"(Haliday, 1835)"	1	1002	1379	"2005.viii.12"
"579"	"Meteorus"	"filator"	"(Haliday, 1835)"	1	1003	1386	"2005.vi.18"
"580"	"Meteorus"	"filator"	"(Haliday, 1835)"	1	1003	1388	"2005.vii.10"
"581"	"Meteorus"	"filator"	"(Haliday, 1835)"	1	1003	1388	"2005.vii.10"
"582"	"Meteorus"	"hirsutipes"	"Huddleston, 1980"	1	44	1187	"2004.vii.25"
"583"	"Meteorus"	"hirsutipes"	"Huddleston, 1980"	1	44	1188	"2004.viii.09"
"584"	"Meteorus"	"hirsutipes"	"Huddleston, 1980"	1	44	1188	"2004.viii.09"
"585"	"Meteorus"	"hirsutipes"	"Huddleston, 1980"	1	44	1188	"2004.viii.09"
"586"	"Meteorus"	"hirsutipes"	"Huddleston, 1980"	1	44	1188	"2004.viii.09"
"587"	"Meteorus"	"ictericus"	"(Nees, 1812)"	1	4	1849	"2005.vii.22"
"588"	"Meteorus"	"ictericus"	"(Nees, 1812)"	1	9	1610	"2005.vi.24"
"589"	"Meteorus"	"ictericus"	"(Nees, 1812)"	1	9	1611	"2005.vii.16"
"590"	"Meteorus"	"ictericus"	"(Nees, 1812)"	1	9	1613	"2005.viii.22"
"591"	"Meteorus"	"ictericus"	"(Nees, 1812)"	1	9	1613	"2005.viii.22"
"592"	"Meteorus"	"ictericus"	"(Nees, 1812)"	1	9	1614	"2005.ix.05"
"593"	"Meteorus"	"ictericus"	"(Nees, 1812)"	1	17	1517	"2005.vii.17"
"594"	"Meteorus"	"ictericus"	"(Nees, 1812)"	1	21	238	"2003.vi.25"
"595"	"Meteorus"	"ictericus"	"(Nees, 1812)"	1	21	240	"2003.viii.01"
"596"	"Meteorus"	"ictericus"	"(Nees, 1812)"	1	21	240	"2003.viii.01"
"597"	"Meteorus"	"ictericus"	"(Nees, 1812)"	1	21	1508	"2005.viii.01"
"598"	"Meteorus"	"ictericus"	"(Nees, 1812)"	1	21	1508	"2005.viii.01"
"599"	"Meteorus"	"ictericus"	"(Nees, 1812)"	1	21	1508	"2005.viii.01"
"600"	"Meteorus"	"ictericus"	"(Nees, 1812)"	1	21	1508	"2005.viii.01"
"601"	"Meteorus"	"ictericus"	"(Nees, 1812)"	1	21	1508	"2005.viii.01"
"602"	"Meteorus"	"ictericus"	"(Nees, 1812)"	1	22	246	"2003.vii.17"
"603"	"Meteorus"	"ictericus"	"(Nees, 1812)"	1	22	1725	"2006.v.20"
"604"	"Meteorus"	"ictericus"	"(Nees, 1812)"	1	22	1725	"2006.v.20"
"605"	"Meteorus"	"ictericus"	"(Nees, 1812)"	1	22	1363	"2005.viii.01"
"606"	"Meteorus"	"ictericus"	"(Nees, 1812)"	1	22	1363	"2005.viii.01"
"607"	"Meteorus"	"ictericus"	"(Nees, 1812)"	1	22	1363	"2005.viii.01"
"608"	"Meteorus"	"ictericus"	"(Nees, 1812)"	1	22	1363	"2005.viii.01"
"609"	"Meteorus"	"ictericus"	"(Nees, 1812)"	1	22	1363	"2005.viii.01"
"610"	"Meteorus"	"ictericus"	"(Nees, 1812)"	1	22	1363	"2005.viii.01"
"611"	"Meteorus"	"ictericus"	"(Nees, 1812)"	1	22	1363	"2005.viii.01"
"612"	"Meteorus"	"ictericus"	"(Nees, 1812)"	1	24	1310	"2004.vii.22"
"613"	"Meteorus"	"ictericus"	"(Nees, 1812)"	1	28	1461	"2004.ix.06"
"614"	"Meteorus"	"ictericus"	"(Nees, 1812)"	1	28	1460	"2004.viii.19"
"615"	"Meteorus"	"ictericus"	"(Nees, 1812)"	1	28	1460	"2004.viii.19"
"616"	"Meteorus"	"ictericus"	"(Nees, 1812)"	1	29	1399	"2005.ix.16"
"617"	"Meteorus"	"ictericus"	"(Nees, 1812)"	1	33	1078	"2004.v.30"
"618"	"Meteorus"	"ictericus"	"(Nees, 1812)"	1	36	828	"2004.viii.06"
"619"	"Meteorus"	"ictericus"	"(Nees, 1812)"	1	36	561	"2003.vii.25"
"620"	"Meteorus"	"ictericus"	"(Nees, 1812)"	1	39	1803	"2005.vi.26"
"621"	"Meteorus"	"ictericus"	"(Nees, 1812)"	1	39	1803	"2005.vi.26"
"622"	"Meteorus"	"ictericus"	"(Nees, 1812)"	1	39	604	"2003.viii.08"
"623"	"Meteorus"	"ictericus"	"(Nees, 1812)"	1	40	1816	"2005.vii.22"
"624"	"Meteorus"	"ictericus"	"(Nees, 1812)"	1	42	1165	"2004.vi.17"
"625"	"Meteorus"	"ictericus"	"(Nees, 1812)"	1	42	645	"2003.vii.25"
"626"	"Meteorus"	"ictericus"	"(Nees, 1812)"	1	42	645	"2003.vii.25"
"627"	"Meteorus"	"ictericus"	"(Nees, 1812)"	1	43	1913	"2005.ix.09"
"628"	"Meteorus"	"ictericus"	"(Nees, 1812)"	1	47	998	"2004.vi.18"
"629"	"Meteorus"	"ictericus"	"(Nees, 1812)"	1	47	998	"2004.vi.18"
"630"	"Meteorus"	"ictericus"	"(Nees, 1812)"	1	47	998	"2004.vi.18"
"631"	"Meteorus"	"ictericus"	"(Nees, 1812)"	1	47	998	"2004.vi.18"
"632"	"Meteorus"	"ictericus"	"(Nees, 1812)"	1	47	1959	"2005.ix.15"
"633"	"Meteorus"	"ictericus"	"(Nees, 1812)"	1	47	1959	"2005.ix.15"
"634"	"Meteorus"	"ictericus"	"(Nees, 1812)"	1	48	1208	"2004.vii.08"
"635"	"Meteorus"	"ictericus"	"(Nees, 1812)"	1	48	1209	"2004.vii.29"
"636"	"Meteorus"	"ictericus"	"(Nees, 1812)"	1	48	1209	"2004.vii.29"
"637"	"Meteorus"	"ictericus"	"(Nees, 1812)"	1	48	1209	"2004.vii.29"
"638"	"Meteorus"	"ictericus"	"(Nees, 1812)"	1	48	1209	"2004.vii.29"
"639"	"Meteorus"	"ictericus"	"(Nees, 1812)"	1	48	1209	"2004.vii.29"
"640"	"Meteorus"	"ictericus"	"(Nees, 1812)"	1	48	1209	"2004.vii.29"
"641"	"Meteorus"	"ictericus"	"(Nees, 1812)"	1	48	1209	"2004.vii.29"
"642"	"Meteorus"	"ictericus"	"(Nees, 1812)"	1	48	1210	"2004.viii.13"
"643"	"Meteorus"	"ictericus"	"(Nees, 1812)"	1	49	1218	"2004.vi.15"
"644"	"Meteorus"	"ictericus"	"(Nees, 1812)"	1	52	184	"2003.viii.18"
"645"	"Meteorus"	"ictericus"	"(Nees, 1812)"	1	54	193	"2003.ix.01"
"646"	"Meteorus"	"ictericus"	"(Nees, 1812)"	1	55	195	"2003.viii.01"
"647"	"Meteorus"	"ictericus"	"(Nees, 1812)"	1	55	197	"2003.ix.01"
"648"	"Meteorus"	"ictericus"	"(Nees, 1812)"	1	55	197	"2003.ix.01"
"649"	"Meteorus"	"ictericus"	"(Nees, 1812)"	1	55	197	"2003.ix.01"
"650"	"Meteorus"	"ictericus"	"(Nees, 1812)"	1	55	197	"2003.ix.01"
"651"	"Meteorus"	"ictericus"	"(Nees, 1812)"	1	55	197	"2003.ix.01"
"652"	"Meteorus"	"ictericus"	"(Nees, 1812)"	1	55	197	"2003.ix.01"
"653"	"Meteorus"	"ictericus"	"(Nees, 1812)"	1	55	197	"2003.ix.01"
"654"	"Meteorus"	"ictericus"	"(Nees, 1812)"	1	55	197	"2003.ix.01"
"655"	"Meteorus"	"ictericus"	"(Nees, 1812)"	1	55	197	"2003.ix.01"
"656"	"Meteorus"	"ictericus"	"(Nees, 1812)"	1	58	207	"2003.viii.01"
"657"	"Meteorus"	"ictericus"	"(Nees, 1812)"	1	58	209	"2003.ix.01"
"658"	"Meteorus"	"ictericus"	"(Nees, 1812)"	1	58	209	"2003.ix.01"
"659"	"Meteorus"	"ictericus"	"(Nees, 1812)"	1	58	209	"2003.ix.01"
"660"	"Meteorus"	"ictericus"	"(Nees, 1812)"	1	58	209	"2003.ix.01"
"661"	"Meteorus"	"ictericus"	"(Nees, 1812)"	1	58	209	"2003.ix.01"
"662"	"Meteorus"	"ictericus"	"(Nees, 1812)"	1	58	209	"2003.ix.01"
"663"	"Meteorus"	"ictericus"	"(Nees, 1812)"	1	58	209	"2003.ix.01"
"664"	"Meteorus"	"ictericus"	"(Nees, 1812)"	1	58	210	"2003.ix.22"
"665"	"Meteorus"	"ictericus"	"(Nees, 1812)"	1	58	209	"2003.ix.01"
"666"	"Meteorus"	"ictericus"	"(Nees, 1812)"	1	58	209	"2003.ix.01"
"667"	"Meteorus"	"ictericus"	"(Nees, 1812)"	1	60	215	"2003.viii.01"
"668"	"Meteorus"	"ictericus"	"(Nees, 1812)"	1	60	215	"2003.viii.01"
"669"	"Meteorus"	"ictericus"	"(Nees, 1812)"	1	60	216	"2003.viii.18"
"670"	"Meteorus"	"ictericus"	"(Nees, 1812)"	1	60	216	"2003.viii.18"
"671"	"Meteorus"	"ictericus"	"(Nees, 1812)"	1	60	216	"2003.viii.18"
"672"	"Meteorus"	"ictericus"	"(Nees, 1812)"	1	60	216	"2003.viii.18"
"673"	"Meteorus"	"ictericus"	"(Nees, 1812)"	1	60	216	"2003.viii.18"
"674"	"Meteorus"	"ictericus"	"(Nees, 1812)"	1	60	216	"2003.viii.18"
"675"	"Meteorus"	"ictericus"	"(Nees, 1812)"	1	60	217	"2003.ix.01"
"676"	"Meteorus"	"ictericus"	"(Nees, 1812)"	1	60	217	"2003.ix.01"
"677"	"Meteorus"	"ictericus"	"(Nees, 1812)"	1	60	217	"2003.ix.01"
"678"	"Meteorus"	"ictericus"	"(Nees, 1812)"	1	60	217	"2003.ix.01"
"679"	"Meteorus"	"ictericus"	"(Nees, 1812)"	1	60	217	"2003.ix.01"
"680"	"Meteorus"	"ictericus"	"(Nees, 1812)"	1	60	217	"2003.ix.01"
"681"	"Meteorus"	"ictericus"	"(Nees, 1812)"	1	60	217	"2003.ix.01"
"682"	"Meteorus"	"ictericus"	"(Nees, 1812)"	1	60	217	"2003.ix.01"
"683"	"Meteorus"	"ictericus"	"(Nees, 1812)"	1	60	217	"2003.ix.01"
"684"	"Meteorus"	"ictericus"	"(Nees, 1812)"	1	60	217	"2003.ix.01"
"685"	"Meteorus"	"ictericus"	"(Nees, 1812)"	1	60	217	"2003.ix.01"
"686"	"Meteorus"	"ictericus"	"(Nees, 1812)"	1	1002	1378	"2005.vii.23"
"687"	"Meteorus"	"ictericus"	"(Nees, 1812)"	1	1003	1386	"2005.vi.18"
"688"	"Meteorus"	"ictericus"	"(Nees, 1812)"	1	1003	1389	"2005.vii.24"
"689"	"Meteorus"	"ictericus"	"(Nees, 1812)"	1	1006	1424	"2005.v.22"
"690"	"Meteorus"	"ictericus"	"(Nees, 1812)"	1	1006	1902	"2005.ix.26"
"691"	"Meteorus"	"ictericus"	"(Nees, 1812)"	1	2003	2038	"2006.ix.08"
"692"	"Meteorus"	"ictericus"	"(Nees, 1812)"	1	2046	2053	"2008.vi.15"
"693"	"Meteorus"	"ictericus"	"(Nees, 1812)"	1	2046	2053	"2008.vi.15"
"694"	"Meteorus"	"ictericus"	"(Nees, 1812)"	1	2046	2053	"2008.vi.15"
"695"	"Meteorus"	"ictericus"	"(Nees, 1812)"	1	2046	2051	"2008.v.01"
"696"	"Meteorus"	"jaculator"	"(Haliday, 1835)"	1	1	309	"2003.viii.04"
"697"	"Meteorus"	"jaculator"	"(Haliday, 1835)"	1	1	311	"2003.x.01"
"698"	"Meteorus"	"jaculator"	"(Haliday, 1835)"	1	1	311	"2003.x.01"
"699"	"Meteorus"	"jaculator"	"(Haliday, 1835)"	1	1	311	"2003.x.01"
"700"	"Meteorus"	"jaculator"	"(Haliday, 1835)"	1	7	382	"2003.viii.26"
"701"	"Meteorus"	"jaculator"	"(Haliday, 1835)"	1	14	1657	"2005.ix.16"
"702"	"Meteorus"	"jaculator"	"(Haliday, 1835)"	1	30	1055	"2004.vii.03"
"703"	"Meteorus"	"jaculator"	"(Haliday, 1835)"	1	47	998	"2004.vi.18"
"704"	"Meteorus"	"kyushuensis"	"Maeto, 1988"	1	10	397	"2003.vii.08"
"705"	"Meteorus"	"kyushuensis"	"Maeto, 1988"	1	10	398	"2003.vii.21"
"706"	"Meteorus"	"kyushuensis"	"Maeto, 1988"	1	10	400	"2003.viii.26"
"707"	"Meteorus"	"kyushuensis"	"Maeto, 1988"	1	57	205	"2003.ix.01"
"708"	"Meteorus"	"limbatus"	"Maeto, 1988"	1	10	397	"2003.vii.08"
"709"	"Meteorus"	"limbatus"	"Maeto, 1988"	1	38	1446	"2005.vi.13"
"710"	"Meteorus"	"lionotus"	"Thomson, 1895"	1	29	1399	"2005.ix.16"
"711"	"Meteorus"	"longipilosus"	"Stigenberg, 2011"	1	57	203	"2003.viii.01"
"712"	"Meteorus"	"longipilosus"	"Stigenberg, 2011"	1	1002	1378	"2005.vii.23"
"713"	"Meteorus"	"longipilosus"	"Stigenberg, 2011"	1	1002	1380	"2005.viii.24"
"714"	"Meteorus"	"micropterus"	"Haliday, 1835"	1	3	109	"2003.viii.04"
"715"	"Meteorus"	"micropterus"	"Haliday, 1835"	1	4	89	"2003.vii.21"
"716"	"Meteorus"	"micropterus"	"Haliday, 1835"	1	4	89	"2003.vii.21"
"717"	"Meteorus"	"micropterus"	"Haliday, 1835"	1	4	114	"2003.viii.04"
"718"	"Meteorus"	"micropterus"	"Haliday, 1835"	1	4	114	"2003.viii.04"
"719"	"Meteorus"	"micropterus"	"Haliday, 1835"	1	4	114	"2003.viii.04"
"720"	"Meteorus"	"micropterus"	"Haliday, 1835"	1	4	114	"2003.viii.04"
"721"	"Meteorus"	"micropterus"	"Haliday, 1835"	1	4	114	"2003.viii.04"
"722"	"Meteorus"	"micropterus"	"Haliday, 1835"	1	4	114	"2003.viii.04"
"723"	"Meteorus"	"micropterus"	"Haliday, 1835"	1	4	114	"2003.viii.04"
"724"	"Meteorus"	"micropterus"	"Haliday, 1835"	1	4	223	"2003.viii.26"
"725"	"Meteorus"	"micropterus"	"Haliday, 1835"	1	4	810	"2004.vii.20"
"726"	"Meteorus"	"micropterus"	"Haliday, 1835"	1	4	810	"2004.vii.20"
"727"	"Meteorus"	"micropterus"	"Haliday, 1835"	1	4	810	"2004.vii.20"
"728"	"Meteorus"	"micropterus"	"Haliday, 1835"	1	4	810	"2004.vii.20"
"729"	"Meteorus"	"micropterus"	"Haliday, 1835"	1	4	811	"2004.viii.11"
"730"	"Meteorus"	"micropterus"	"Haliday, 1835"	1	4	811	"2004.viii.11"
"731"	"Meteorus"	"micropterus"	"Haliday, 1835"	1	4	811	"2004.viii.11"
"732"	"Meteorus"	"micropterus"	"Haliday, 1835"	1	4	811	"2004.viii.11"
"733"	"Meteorus"	"micropterus"	"Haliday, 1835"	1	4	1849	"2005.vii.22"
"734"	"Meteorus"	"micropterus"	"Haliday, 1835"	1	4	1849	"2005.vii.22"
"735"	"Meteorus"	"micropterus"	"Haliday, 1835"	1	4	1849	"2005.vii.22"
"736"	"Meteorus"	"micropterus"	"Haliday, 1835"	1	4	1849	"2005.vii.22"
"737"	"Meteorus"	"micropterus"	"Haliday, 1835"	1	15	1662	"2005.viii.02"
"738"	"Meteorus"	"micropterus"	"Haliday, 1835"	1	18	75	"2003.viii.04"
"739"	"Meteorus"	"micropterus"	"Haliday, 1835"	1	24	817	"2003.vii.15"
"740"	"Meteorus"	"micropterus"	"Haliday, 1835"	1	24	1310	"2004.vii.22"
"741"	"Meteorus"	"micropterus"	"Haliday, 1835"	1	24	1310	"2004.vii.22"
"742"	"Meteorus"	"micropterus"	"Haliday, 1835"	1	24	1674	"2005.vii.20"
"743"	"Meteorus"	"micropterus"	"Haliday, 1835"	1	24	1674	"2005.vii.20"
"744"	"Meteorus"	"micropterus"	"Haliday, 1835"	1	24	1674	"2005.vii.20"
"745"	"Meteorus"	"micropterus"	"Haliday, 1835"	1	24	1674	"2005.vii.20"
"746"	"Meteorus"	"micropterus"	"Haliday, 1835"	1	24	1674	"2005.vii.20"
"747"	"Meteorus"	"micropterus"	"Haliday, 1835"	1	24	1674	"2005.vii.20"
"748"	"Meteorus"	"micropterus"	"Haliday, 1835"	1	36	829	"2004.ix.08"
"749"	"Meteorus"	"micropterus"	"Haliday, 1835"	1	37	832	"2004.vi.11"
"750"	"Meteorus"	"micropterus"	"Haliday, 1835"	1	37	1823	"2005.viii.09"
"751"	"Meteorus"	"micropterus"	"Haliday, 1835"	1	37	1111	"2004.ix.08"
"752"	"Meteorus"	"micropterus"	"Haliday, 1835"	1	37	570	"2003.vii.15"
"753"	"Meteorus"	"micropterus"	"Haliday, 1835"	1	37	1822	"2005.vii.07"
"754"	"Meteorus"	"micropterus"	"Haliday, 1835"	1	39	1805	"2005.vii.13"
"755"	"Meteorus"	"micropterus"	"Haliday, 1835"	1	39	1805	"2005.vii.13"
"756"	"Meteorus"	"micropterus"	"Haliday, 1835"	1	39	1805	"2005.vii.13"
"757"	"Meteorus"	"micropterus"	"Haliday, 1835"	1	39	1805	"2005.vii.13"
"758"	"Meteorus"	"micropterus"	"Haliday, 1835"	1	39	1805	"2005.vii.13"
"759"	"Meteorus"	"micropterus"	"Haliday, 1835"	1	42	645	"2003.vii.25"
"760"	"Meteorus"	"micropterus"	"Haliday, 1835"	1	42	645	"2003.vii.25"
"761"	"Meteorus"	"micropterus"	"Haliday, 1835"	1	42	645	"2003.vii.25"
"762"	"Meteorus"	"micropterus"	"Haliday, 1835"	1	44	1187	"2004.vii.25"
"763"	"Meteorus"	"micropterus"	"Haliday, 1835"	1	45	1196	"2004.x.03"
"764"	"Meteorus"	"micropterus"	"Haliday, 1835"	1	45	1196	"2004.x.03"
"765"	"Meteorus"	"micropterus"	"Haliday, 1835"	1	46	1201	"2004.vii.26"
"766"	"Meteorus"	"micropterus"	"Haliday, 1835"	1	48	1209	"2004.vii.29"
"767"	"Meteorus"	"micropterus"	"Haliday, 1835"	1	48	1209	"2004.vii.29"
"768"	"Meteorus"	"micropterus"	"Haliday, 1835"	1	54	191	"2003.viii.01"
"769"	"Meteorus"	"micropterus"	"Haliday, 1835"	1	54	1254	"2004.viii.05"
"770"	"Meteorus"	"micropterus"	"Haliday, 1835"	1	54	1254	"2004.viii.05"
"771"	"Meteorus"	"micropterus"	"Haliday, 1835"	1	56	200	"2003.viii.18"
"772"	"Meteorus"	"micropterus"	"Haliday, 1835"	1	56	1268	"2004.viii.05"
"773"	"Meteorus"	"micropterus"	"Haliday, 1835"	1	56	1268	"2004.viii.05"
"774"	"Meteorus"	"micropterus"	"Haliday, 1835"	1	56	1268	"2004.viii.05"
"775"	"Meteorus"	"micropterus"	"Haliday, 1835"	1	56	1268	"2004.viii.05"
"776"	"Meteorus"	"micropterus"	"Haliday, 1835"	1	56	1268	"2004.viii.05"
"777"	"Meteorus"	"micropterus"	"Haliday, 1835"	1	56	1268	"2004.viii.05"
"778"	"Meteorus"	"micropterus"	"Haliday, 1835"	1	56	1268	"2004.viii.05"
"779"	"Meteorus"	"micropterus"	"Haliday, 1835"	1	56	1268	"2004.viii.05"
"780"	"Meteorus"	"micropterus"	"Haliday, 1835"	1	56	1268	"2004.viii.05"
"781"	"Meteorus"	"micropterus"	"Haliday, 1835"	1	56	1268	"2004.viii.05"
"782"	"Meteorus"	"micropterus"	"Haliday, 1835"	1	56	1268	"2004.viii.05"
"783"	"Meteorus"	"micropterus"	"Haliday, 1835"	1	56	1268	"2004.viii.05"
"784"	"Meteorus"	"micropterus"	"Haliday, 1835"	1	56	1268	"2004.viii.05"
"785"	"Meteorus"	"micropterus"	"Haliday, 1835"	1	57	203	"2003.viii.01"
"786"	"Meteorus"	"micropterus"	"Haliday, 1835"	1	57	1276	"2004.viii.20"
"787"	"Meteorus"	"micropterus"	"Haliday, 1835"	1	57	1276	"2004.viii.20"
"788"	"Meteorus"	"micropterus"	"Haliday, 1835"	1	57	1276	"2004.viii.20"
"789"	"Meteorus"	"micropterus"	"Haliday, 1835"	1	57	1276	"2004.viii.20"
"790"	"Meteorus"	"micropterus"	"Haliday, 1835"	1	57	1276	"2004.viii.20"
"791"	"Meteorus"	"micropterus"	"Haliday, 1835"	1	57	1276	"2004.viii.20"
"792"	"Meteorus"	"micropterus"	"Haliday, 1835"	1	57	1276	"2004.viii.20"
"793"	"Meteorus"	"micropterus"	"Haliday, 1835"	1	57	1276	"2004.viii.20"
"794"	"Meteorus"	"micropterus"	"Haliday, 1835"	1	57	1276	"2004.viii.20"
"795"	"Meteorus"	"micropterus"	"Haliday, 1835"	1	57	1276	"2004.viii.20"
"796"	"Meteorus"	"micropterus"	"Haliday, 1835"	1	57	1276	"2004.viii.20"
"797"	"Meteorus"	"micropterus"	"Haliday, 1835"	1	57	1276	"2004.viii.20"
"798"	"Meteorus"	"micropterus"	"Haliday, 1835"	1	57	1276	"2004.viii.20"
"799"	"Meteorus"	"micropterus"	"Haliday, 1835"	1	57	1276	"2004.viii.20"
"800"	"Meteorus"	"micropterus"	"Haliday, 1835"	1	57	1276	"2004.viii.20"
"801"	"Meteorus"	"micropterus"	"Haliday, 1835"	1	57	1276	"2004.viii.20"
"802"	"Meteorus"	"micropterus"	"Haliday, 1835"	1	57	1276	"2004.viii.20"
"803"	"Meteorus"	"micropterus"	"Haliday, 1835"	1	57	1276	"2004.viii.20"
"804"	"Meteorus"	"micropterus"	"Haliday, 1835"	1	57	1276	"2004.viii.20"
"805"	"Meteorus"	"micropterus"	"Haliday, 1835"	1	57	1276	"2004.viii.20"
"806"	"Meteorus"	"micropterus"	"Haliday, 1835"	1	57	1276	"2004.viii.20"
"807"	"Meteorus"	"micropterus"	"Haliday, 1835"	1	57	1276	"2004.viii.20"
"808"	"Meteorus"	"micropterus"	"Haliday, 1835"	1	57	1276	"2004.viii.20"
"809"	"Meteorus"	"micropterus"	"Haliday, 1835"	1	57	1276	"2004.viii.20"
"810"	"Meteorus"	"micropterus"	"Haliday, 1835"	1	57	1276	"2004.viii.20"
"811"	"Meteorus"	"micropterus"	"Haliday, 1835"	1	57	1276	"2004.viii.20"
"812"	"Meteorus"	"micropterus"	"Haliday, 1835"	1	57	1276	"2004.viii.20"
"813"	"Meteorus"	"micropterus"	"Haliday, 1835"	1	57	1276	"2004.viii.20"
"814"	"Meteorus"	"micropterus"	"Haliday, 1835"	1	57	1276	"2004.viii.20"
"815"	"Meteorus"	"micropterus"	"Haliday, 1835"	1	57	1276	"2004.viii.20"
"816"	"Meteorus"	"micropterus"	"Haliday, 1835"	1	57	1276	"2004.viii.20"
"817"	"Meteorus"	"micropterus"	"Haliday, 1835"	1	57	1276	"2004.viii.20"
"818"	"Meteorus"	"micropterus"	"Haliday, 1835"	1	57	1276	"2004.viii.20"
"819"	"Meteorus"	"micropterus"	"Haliday, 1835"	1	57	1276	"2004.viii.20"
"820"	"Meteorus"	"micropterus"	"Haliday, 1835"	1	57	1276	"2004.viii.20"
"821"	"Meteorus"	"micropterus"	"Haliday, 1835"	1	57	1276	"2004.viii.20"
"822"	"Meteorus"	"micropterus"	"Haliday, 1835"	1	57	1276	"2004.viii.20"
"823"	"Meteorus"	"micropterus"	"Haliday, 1835"	1	57	1276	"2004.viii.20"
"824"	"Meteorus"	"micropterus"	"Haliday, 1835"	1	57	1276	"2004.viii.20"
"825"	"Meteorus"	"micropterus"	"Haliday, 1835"	1	57	1276	"2004.viii.20"
"826"	"Meteorus"	"micropterus"	"Haliday, 1835"	1	57	1276	"2004.viii.20"
"827"	"Meteorus"	"micropterus"	"Haliday, 1835"	1	57	1276	"2004.viii.20"
"828"	"Meteorus"	"micropterus"	"Haliday, 1835"	1	57	1276	"2004.viii.20"
"829"	"Meteorus"	"micropterus"	"Haliday, 1835"	1	57	1276	"2004.viii.20"
"830"	"Meteorus"	"micropterus"	"Haliday, 1835"	1	57	1276	"2004.viii.20"
"831"	"Meteorus"	"micropterus"	"Haliday, 1835"	1	57	1276	"2004.viii.20"
"832"	"Meteorus"	"micropterus"	"Haliday, 1835"	1	57	1276	"2004.viii.20"
"833"	"Meteorus"	"micropterus"	"Haliday, 1835"	1	57	1276	"2004.viii.20"
"834"	"Meteorus"	"micropterus"	"Haliday, 1835"	1	57	1276	"2004.viii.20"
"835"	"Meteorus"	"micropterus"	"Haliday, 1835"	1	57	203	"2003.viii.01"
"836"	"Meteorus"	"micropterus"	"Haliday, 1835"	1	57	203	"2003.viii.01"
"837"	"Meteorus"	"micropterus"	"Haliday, 1835"	1	57	203	"2003.viii.01"
"838"	"Meteorus"	"micropterus"	"Haliday, 1835"	1	57	203	"2003.viii.01"
"839"	"Meteorus"	"micropterus"	"Haliday, 1835"	1	57	203	"2003.viii.01"
"840"	"Meteorus"	"micropterus"	"Haliday, 1835"	1	57	203	"2003.viii.01"
"841"	"Meteorus"	"micropterus"	"Haliday, 1835"	1	57	203	"2003.viii.01"
"842"	"Meteorus"	"micropterus"	"Haliday, 1835"	1	57	203	"2003.viii.01"
"843"	"Meteorus"	"micropterus"	"Haliday, 1835"	1	57	203	"2003.viii.01"
"844"	"Meteorus"	"micropterus"	"Haliday, 1835"	1	57	203	"2003.viii.01"
"845"	"Meteorus"	"micropterus"	"Haliday, 1835"	1	57	203	"2003.viii.01"
"846"	"Meteorus"	"micropterus"	"Haliday, 1835"	1	57	203	"2003.viii.01"
"847"	"Meteorus"	"micropterus"	"Haliday, 1835"	1	57	203	"2003.viii.01"
"848"	"Meteorus"	"micropterus"	"Haliday, 1835"	1	57	203	"2003.viii.01"
"849"	"Meteorus"	"micropterus"	"Haliday, 1835"	1	57	203	"2003.viii.01"
"850"	"Meteorus"	"micropterus"	"Haliday, 1835"	1	57	203	"2003.viii.01"
"851"	"Meteorus"	"micropterus"	"Haliday, 1835"	1	57	203	"2003.viii.01"
"852"	"Meteorus"	"micropterus"	"Haliday, 1835"	1	57	203	"2003.viii.01"
"853"	"Meteorus"	"micropterus"	"Haliday, 1835"	1	57	203	"2003.viii.01"
"854"	"Meteorus"	"micropterus"	"Haliday, 1835"	1	57	203	"2003.viii.01"
"855"	"Meteorus"	"micropterus"	"Haliday, 1835"	1	57	203	"2003.viii.01"
"856"	"Meteorus"	"micropterus"	"Haliday, 1835"	1	57	203	"2003.viii.01"
"857"	"Meteorus"	"micropterus"	"Haliday, 1835"	1	57	203	"2003.viii.01"
"858"	"Meteorus"	"micropterus"	"Haliday, 1835"	1	57	203	"2003.viii.01"
"859"	"Meteorus"	"micropterus"	"Haliday, 1835"	1	57	203	"2003.viii.01"
"860"	"Meteorus"	"micropterus"	"Haliday, 1835"	1	57	203	"2003.viii.01"
"861"	"Meteorus"	"micropterus"	"Haliday, 1835"	1	57	203	"2003.viii.01"
"862"	"Meteorus"	"micropterus"	"Haliday, 1835"	1	57	203	"2003.viii.01"
"863"	"Meteorus"	"micropterus"	"Haliday, 1835"	1	57	203	"2003.viii.01"
"864"	"Meteorus"	"micropterus"	"Haliday, 1835"	1	57	203	"2003.viii.01"
"865"	"Meteorus"	"micropterus"	"Haliday, 1835"	1	57	203	"2003.viii.01"
"866"	"Meteorus"	"micropterus"	"Haliday, 1835"	1	57	203	"2003.viii.01"
"867"	"Meteorus"	"micropterus"	"Haliday, 1835"	1	57	203	"2003.viii.01"
"868"	"Meteorus"	"micropterus"	"Haliday, 1835"	1	57	203	"2003.viii.01"
"869"	"Meteorus"	"micropterus"	"Haliday, 1835"	1	57	203	"2003.viii.01"
"870"	"Meteorus"	"micropterus"	"Haliday, 1835"	1	57	203	"2003.viii.01"
"871"	"Meteorus"	"micropterus"	"Haliday, 1835"	1	57	203	"2003.viii.01"
"872"	"Meteorus"	"micropterus"	"Haliday, 1835"	1	57	203	"2003.viii.01"
"873"	"Meteorus"	"micropterus"	"Haliday, 1835"	1	57	203	"2003.viii.01"
"874"	"Meteorus"	"micropterus"	"Haliday, 1835"	1	57	203	"2003.viii.01"
"875"	"Meteorus"	"micropterus"	"Haliday, 1835"	1	57	203	"2003.viii.01"
"876"	"Meteorus"	"micropterus"	"Haliday, 1835"	1	57	203	"2003.viii.01"
"877"	"Meteorus"	"micropterus"	"Haliday, 1835"	1	57	203	"2003.viii.01"
"878"	"Meteorus"	"micropterus"	"Haliday, 1835"	1	57	203	"2003.viii.01"
"879"	"Meteorus"	"micropterus"	"Haliday, 1835"	1	57	203	"2003.viii.01"
"880"	"Meteorus"	"micropterus"	"Haliday, 1835"	1	57	203	"2003.viii.01"
"881"	"Meteorus"	"micropterus"	"Haliday, 1835"	1	57	203	"2003.viii.01"
"882"	"Meteorus"	"micropterus"	"Haliday, 1835"	1	57	203	"2003.viii.01"
"883"	"Meteorus"	"micropterus"	"Haliday, 1835"	1	57	203	"2003.viii.01"
"884"	"Meteorus"	"micropterus"	"Haliday, 1835"	1	57	203	"2003.viii.01"
"885"	"Meteorus"	"micropterus"	"Haliday, 1835"	1	57	203	"2003.viii.01"
"886"	"Meteorus"	"micropterus"	"Haliday, 1835"	1	57	203	"2003.viii.01"
"887"	"Meteorus"	"micropterus"	"Haliday, 1835"	1	57	203	"2003.viii.01"
"888"	"Meteorus"	"micropterus"	"Haliday, 1835"	1	57	203	"2003.viii.01"
"889"	"Meteorus"	"micropterus"	"Haliday, 1835"	1	57	203	"2003.viii.01"
"890"	"Meteorus"	"micropterus"	"Haliday, 1835"	1	58	207	"2003.viii.01"
"891"	"Meteorus"	"micropterus"	"Haliday, 1835"	1	60	216	"2003.viii.18"
"892"	"Meteorus"	"micropterus"	"Haliday, 1835"	1	1000	1359	"2005.viii.02"
"893"	"Meteorus"	"micropterus"	"Haliday, 1835"	1	1000	1359	"2005.viii.02"
"894"	"Meteorus"	"micropterus"	"Haliday, 1835"	1	1008	1351	"2005.viii.05"
"895"	"Meteorus"	"micropterus"	"Haliday, 1835"	1	1008	1745	"2006.vii.28"
"896"	"Meteorus"	"obfuscatus"	"(Nees, 1811)"	1	24	818	"2003.viii.01"
"897"	"Meteorus"	"obfuscatus"	"(Nees, 1811)"	1	24	820	"2003.ix.13"
"898"	"Meteorus"	"obfuscatus"	"(Nees, 1811)"	1	1000	1362	"2005.viii.24"
"899"	"Meteorus"	"obsoletus"	"(Wesmael, 1835)"	1	4	88	"2003.vii.02"
"900"	"Meteorus"	"oculatus"	"Ruthe, 1862"	1	3	85	"2003.vii.02"
"901"	"Meteorus"	"oculatus"	"Ruthe, 1862"	1	3	109	"2003.viii.04"
"902"	"Meteorus"	"oculatus"	"Ruthe, 1862"	1	3	109	"2003.viii.04"
"903"	"Meteorus"	"oculatus"	"Ruthe, 1862"	1	3	798	"2004.vi.21"
"904"	"Meteorus"	"oculatus"	"Ruthe, 1862"	1	3	798	"2004.vi.21"
"905"	"Meteorus"	"oculatus"	"Ruthe, 1862"	1	3	799	"2004.vii.20"
"906"	"Meteorus"	"oculatus"	"Ruthe, 1862"	1	3	799	"2004.vii.20"
"907"	"Meteorus"	"oculatus"	"Ruthe, 1862"	1	3	799	"2004.vii.20"
"908"	"Meteorus"	"oculatus"	"Ruthe, 1862"	1	3	799	"2004.vii.20"
"909"	"Meteorus"	"oculatus"	"Ruthe, 1862"	1	3	799	"2004.vii.20"
"910"	"Meteorus"	"oculatus"	"Ruthe, 1862"	1	3	799	"2004.vii.20"
"911"	"Meteorus"	"oculatus"	"Ruthe, 1862"	1	3	799	"2004.vii.20"
"912"	"Meteorus"	"oculatus"	"Ruthe, 1862"	1	3	799	"2004.vii.20"
"913"	"Meteorus"	"oculatus"	"Ruthe, 1862"	1	3	799	"2004.vii.20"
"914"	"Meteorus"	"oculatus"	"Ruthe, 1862"	1	3	799	"2004.vii.20"
"915"	"Meteorus"	"oculatus"	"Ruthe, 1862"	1	3	799	"2004.vii.20"
"916"	"Meteorus"	"oculatus"	"Ruthe, 1862"	1	3	800	"2004.viii.11"
"917"	"Meteorus"	"oculatus"	"Ruthe, 1862"	1	3	801	"2004.ix.07"
"918"	"Meteorus"	"oculatus"	"Ruthe, 1862"	1	3	801	"2004.ix.07"
"919"	"Meteorus"	"oculatus"	"Ruthe, 1862"	1	7	861	"2004.ix.04"
"920"	"Meteorus"	"oculatus"	"Ruthe, 1862"	1	9	355	"2003.vi.18"
"921"	"Meteorus"	"oculatus"	"Ruthe, 1862"	1	18	341	"2004.vi.30"
"922"	"Meteorus"	"oculatus"	"Ruthe, 1862"	1	22	1725	"2006.v.20"
"923"	"Meteorus"	"oculatus"	"Ruthe, 1862"	1	30	1055	"2004.vii.03"
"924"	"Meteorus"	"oculatus"	"Ruthe, 1862"	1	30	1055	"2004.vii.03"
"925"	"Meteorus"	"oculatus"	"Ruthe, 1862"	1	30	1055	"2004.vii.03"
"926"	"Meteorus"	"oculatus"	"Ruthe, 1862"	1	30	1717	"2005.vi.16"
"927"	"Meteorus"	"oculatus"	"Ruthe, 1862"	1	43	1171	"2004.vii.28"
"928"	"Meteorus"	"oculatus"	"Ruthe, 1862"	1	1000	1324	"2005.vii.12"
"929"	"Meteorus"	"oculatus"	"Ruthe, 1862"	1	1001	1332	"2005.vii.02"
"930"	"Meteorus"	"oculatus"	"Ruthe, 1862"	1	1005	1421	"2005.vii.30"
"931"	"Meteorus"	"pendulus"	"(Müller, 1776)"	1	2	791	"2004.ix.22"
"932"	"Meteorus"	"pendulus"	"(Müller, 1776)"	1	3	85	"2003.vii.02"
"933"	"Meteorus"	"pendulus"	"(Müller, 1776)"	1	4	89	"2003.vii.21"
"934"	"Meteorus"	"pendulus"	"(Müller, 1776)"	1	5	765	"2004.vi.30"
"935"	"Meteorus"	"pendulus"	"(Müller, 1776)"	1	6	855	"2004.ix.20"
"936"	"Meteorus"	"pendulus"	"(Müller, 1776)"	1	7	858	"2004.vi.27"
"937"	"Meteorus"	"pendulus"	"(Müller, 1776)"	1	7	861	"2004.ix.04"
"938"	"Meteorus"	"pendulus"	"(Müller, 1776)"	1	7	861	"2004.ix.04"
"939"	"Meteorus"	"pendulus"	"(Müller, 1776)"	1	9	1609	"2005.vi.11"
"940"	"Meteorus"	"pendulus"	"(Müller, 1776)"	1	9	1616	"2005.x.21"
"941"	"Meteorus"	"pendulus"	"(Müller, 1776)"	1	10	402	"2003.x.14"
"942"	"Meteorus"	"pendulus"	"(Müller, 1776)"	1	11	411	"2003.vii.23"
"943"	"Meteorus"	"pendulus"	"(Müller, 1776)"	1	12	177	"2003.viii.09"
"944"	"Meteorus"	"pendulus"	"(Müller, 1776)"	1	17	1517	"2005.vii.17"
"945"	"Meteorus"	"pendulus"	"(Müller, 1776)"	1	22	1390	"2005.x.03"
"946"	"Meteorus"	"pendulus"	"(Müller, 1776)"	1	22	1390	"2005.x.03"
"947"	"Meteorus"	"pendulus"	"(Müller, 1776)"	1	24	817	"2003.vii.15"
"948"	"Meteorus"	"pendulus"	"(Müller, 1776)"	1	25	450	"2003.vi.29"
"949"	"Meteorus"	"pendulus"	"(Müller, 1776)"	1	43	1175	"2004.ix.22"
"950"	"Meteorus"	"pendulus"	"(Müller, 1776)"	1	45	1196	"2004.x.03"
"951"	"Meteorus"	"pendulus"	"(Müller, 1776)"	1	45	1196	"2004.x.03"
"952"	"Meteorus"	"pendulus"	"(Müller, 1776)"	1	47	998	"2004.vi.18"
"953"	"Meteorus"	"pendulus"	"(Müller, 1776)"	1	47	998	"2004.vi.18"
"954"	"Meteorus"	"pendulus"	"(Müller, 1776)"	1	47	998	"2004.vi.18"
"955"	"Meteorus"	"pendulus"	"(Müller, 1776)"	1	47	998	"2004.vi.18"
"956"	"Meteorus"	"pendulus"	"(Müller, 1776)"	1	47	1959	"2005.ix.15"
"957"	"Meteorus"	"pendulus"	"(Müller, 1776)"	1	52	185	"2003.ix.01"
"958"	"Meteorus"	"pendulus"	"(Müller, 1776)"	1	1001	1333	"2005.vii.12"
"959"	"Meteorus"	"pendulus"	"(Müller, 1776)"	1	1002	1379	"2005.viii.12"
"960"	"Meteorus"	"pendulus"	"(Müller, 1776)"	1	1002	1379	"2005.viii.12"
"961"	"Meteorus"	"pendulus"	"(Müller, 1776)"	1	1002	1379	"2005.viii.12"
"962"	"Meteorus"	"pendulus"	"(Müller, 1776)"	1	1002	1372	"2005.vi.04"
"963"	"Meteorus"	"pendulus"	"(Müller, 1776)"	1	1005	1901	"2005.ix.26"
"964"	"Meteorus"	"pendulus"	"(Müller, 1776)"	1	1005	1901	"2005.ix.26"
"965"	"Meteorus"	"pendulus"	"(Müller, 1776)"	1	1005	1901	"2005.ix.26"
"966"	"Meteorus"	"pendulus"	"(Müller, 1776)"	1	1005	1901	"2005.ix.26"
"967"	"Meteorus"	"pendulus"	"(Müller, 1776)"	1	2003	2037	"2006.viii.14"
"968"	"Meteorus"	"pendulus"	"(Müller, 1776)"	1	2003	2036	"2006.vii.24"
"969"	"Meteorus"	"pendulus"	"(Müller, 1776)"	1	2006	2040	"2008.vii.12"
"970"	"Meteorus"	"pendulus"	"(Müller, 1776)"	1	2046	2060	"2008.xi.01"
"971"	"Meteorus"	"pendulus"	"(Müller, 1776)"	1	2046	2059	"2008.x.03"
"972"	"Meteorus"	"pulchricornis"	"(Wesmael, 1835)"	1	1006	1902	"2005.ix.26"
"973"	"Meteorus"	"pulchricornis"	"(Wesmael, 1835)"	1	34	547	"2003.viii.20"
"974"	"Meteorus"	"rubens"	"(Nees, 1811)"	1	20	234	"2003.vii.20"
"975"	"Meteorus"	"rubens"	"(Nees, 1811)"	1	29	1050	"2004.ix.15"
"976"	"Meteorus"	"rubens"	"(Nees, 1811)"	1	38	1446	"2005.vi.13"
"977"	"Meteorus"	"rubens"	"(Nees, 1811)"	1	41	1886	"2005.ix.01"
"978"	"Meteorus"	"rubens"	"(Nees, 1811)"	1	41	1886	"2005.ix.01"
"979"	"Meteorus"	"rubens"	"(Nees, 1811)"	1	41	1886	"2005.ix.01"
"980"	"Meteorus"	"rubens"	"(Nees, 1811)"	1	48	1209	"2004.vii.29"
"981"	"Meteorus"	"rubens"	"(Nees, 1811)"	1	48	1210	"2004.viii.13"
"982"	"Meteorus"	"rubens"	"(Nees, 1811)"	1	48	1210	"2004.viii.13"
"983"	"Meteorus"	"rubens"	"(Nees, 1811)"	1	48	1210	"2004.viii.13"
"984"	"Meteorus"	"rubens"	"(Nees, 1811)"	1	50	1223	"2004.vii.08"
"985"	"Meteorus"	"rubens"	"(Nees, 1811)"	1	50	1223	"2004.vii.08"
"986"	"Meteorus"	"rubens"	"(Nees, 1811)"	1	50	1226	"2004.viii.19"
"987"	"Meteorus"	"rubens"	"(Nees, 1811)"	1	50	1975	"2005.vii.20"
"988"	"Meteorus"	"rubens"	"(Nees, 1811)"	1	54	191	"2003.viii.01"
"989"	"Meteorus"	"rubens"	"(Nees, 1811)"	1	54	191	"2003.viii.01"
"990"	"Meteorus"	"rubens"	"(Nees, 1811)"	1	55	195	"2003.viii.01"
"991"	"Meteorus"	"rubens"	"(Nees, 1811)"	1	56	199	"2003.viii.01"
"992"	"Meteorus"	"rubens"	"(Nees, 1811)"	1	56	199	"2003.viii.01"
"993"	"Meteorus"	"rubens"	"(Nees, 1811)"	1	56	199	"2003.viii.01"
"994"	"Meteorus"	"rubens"	"(Nees, 1811)"	1	56	199	"2003.viii.01"
"995"	"Meteorus"	"rubens"	"(Nees, 1811)"	1	56	199	"2003.viii.01"
"996"	"Meteorus"	"rubens"	"(Nees, 1811)"	1	56	199	"2003.viii.01"
"997"	"Meteorus"	"rubens"	"(Nees, 1811)"	1	56	199	"2003.viii.01"
"998"	"Meteorus"	"rubens"	"(Nees, 1811)"	1	56	200	"2003.viii.18"
"999"	"Meteorus"	"rubens"	"(Nees, 1811)"	1	56	200	"2003.viii.18"
"1000"	"Meteorus"	"rubens"	"(Nees, 1811)"	1	56	201	"2003.ix.01"
"1001"	"Meteorus"	"rubens"	"(Nees, 1811)"	1	56	1268	"2004.viii.05"
"1002"	"Meteorus"	"rubens"	"(Nees, 1811)"	1	56	1268	"2004.viii.05"
"1003"	"Meteorus"	"rubens"	"(Nees, 1811)"	1	56	1268	"2004.viii.05"
"1004"	"Meteorus"	"rubens"	"(Nees, 1811)"	1	57	203	"2003.viii.01"
"1005"	"Meteorus"	"rubens"	"(Nees, 1811)"	1	1002	1376	"2005.vii.15"
"1006"	"Meteorus"	"rubens"	"(Nees, 1811)"	1	1005	1901	"2005.ix.26"
"1007"	"Meteorus"	"rubens"	"(Nees, 1811)"	1	1006	1424	"2005.v.22"
"1008"	"Meteorus"	"rubens"	"(Nees, 1811)"	1	1006	1426	"2005.vii.30"
"1009"	"Meteorus"	"rubens"	"(Nees, 1811)"	1	1006	1426	"2005.vii.30"
"1010"	"Meteorus"	"rubens"	"(Nees, 1811)"	1	1006	1426	"2005.vii.30"
"1011"	"Meteorus"	"rubens"	"(Nees, 1811)"	1	2006	2015	"2007.vii.02"
"1012"	"Meteorus"	"rubens"	"(Nees, 1811)"	1	2046	2051	"2008.v.01"
"1013"	"Meteorus"	"rubens"	"(Nees, 1811)"	1	2046	2058	"2008.ix.01"
"1014"	"Meteorus"	"rubens"	"(Nees, 1811)"	1	2046	2057	"2008.viii.16"
"1015"	"Meteorus"	"rubens"	"(Nees, 1811)"	1	2046	2057	"2008.viii.16"
"1016"	"Meteorus"	"ruficeps"	"(Nees, 1834)"	1	8	393	"2003.viii.19"
"1017"	"Meteorus"	"ruficeps"	"(Nees, 1834)"	1	17	1519	"2005.ix.13"
"1018"	"Meteorus"	"ruficeps"	"(Nees, 1834)"	1	22	779	"2004.viii.01"
"1019"	"Meteorus"	"ruficeps"	"(Nees, 1834)"	1	22	249	"2003.viii.31"
"1020"	"Meteorus"	"ruficeps"	"(Nees, 1834)"	1	28	1459	"2004.viii.02"
"1021"	"Meteorus"	"ruficeps"	"(Nees, 1834)"	1	28	1462	"2005.iv.01"
"1022"	"Meteorus"	"ruficeps"	"(Nees, 1834)"	1	28	1462	"2005.iv.01"
"1023"	"Meteorus"	"ruficeps"	"(Nees, 1834)"	1	28	1461	"2004.ix.06"
"1024"	"Meteorus"	"ruficeps"	"(Nees, 1834)"	1	28	1461	"2004.ix.06"
"1025"	"Meteorus"	"ruficeps"	"(Nees, 1834)"	1	48	1207	"2004.vi.30"
"1026"	"Meteorus"	"ruficeps"	"(Nees, 1834)"	1	1006	1426	"2005.vii.30"
"1027"	"Meteorus"	"ruficeps"	"(Nees, 1834)"	1	2046	2058	"2008.ix.01"
"1028"	"Meteorus"	"sibyllae"	"Stigenberg, 2011"	1	10	398	"2003.vii.21"
"1029"	"Meteorus"	"sibyllae"	"Stigenberg, 2011"	1	10	398	"2003.vii.21"
"1030"	"Meteorus"	"sibyllae"	"Stigenberg, 2011"	1	22	1725	"2006.v.20"
"1031"	"Meteorus"	"sibyllae"	"Stigenberg, 2011"	1	1008	1746	"2006.viii.08"
"1032"	"Meteorus"	"stenomastax"	"Stigenberg, 2011"	1	5	764	"2004.vi.16"
"1033"	"Meteorus"	"stenomastax"	"Stigenberg, 2011"	1	50	1223	"2004.vii.08"
"1034"	"Meteorus"	"stenomastax"	"Stigenberg, 2011"	1	50	1223	"2004.vii.08"
"1035"	"Meteorus"	"stenomastax"	"Stigenberg, 2011"	1	50	1223	"2004.vii.08"
"1036"	"Meteorus"	"stenomastax"	"Stigenberg, 2011"	1	56	201	"2003.ix.01"
"1037"	"Meteorus"	"tabidus"	"(Wesmael, 1835)"	1	17	1517	"2005.vii.17"
"1038"	"Meteorus"	"tabidus"	"(Wesmael, 1835)"	1	17	1517	"2005.vii.17"
"1039"	"Meteorus"	"tabidus"	"(Wesmael, 1835)"	1	24	817	"2003.vii.15"
"1040"	"Meteorus"	"tabidus"	"(Wesmael, 1835)"	1	24	1310	"2004.vii.22"
"1041"	"Meteorus"	"tabidus"	"(Wesmael, 1835)"	1	24	1310	"2004.vii.22"
"1042"	"Meteorus"	"tabidus"	"(Wesmael, 1835)"	1	28	1467	"2005.vii.17"
"1043"	"Meteorus"	"tabidus"	"(Wesmael, 1835)"	1	28	1467	"2005.vii.17"
"1044"	"Meteorus"	"tabidus"	"(Wesmael, 1835)"	1	28	1467	"2005.vii.17"
"1045"	"Meteorus"	"tabidus"	"(Wesmael, 1835)"	1	28	1467	"2005.vii.17"
"1046"	"Meteorus"	"tabidus"	"(Wesmael, 1835)"	1	28	1467	"2005.vii.17"
"1047"	"Meteorus"	"tabidus"	"(Wesmael, 1835)"	1	28	1467	"2005.vii.17"
"1048"	"Meteorus"	"tabidus"	"(Wesmael, 1835)"	1	28	1467	"2005.vii.17"
"1049"	"Meteorus"	"tabidus"	"(Wesmael, 1835)"	1	28	1467	"2005.vii.17"
"1050"	"Meteorus"	"tabidus"	"(Wesmael, 1835)"	1	28	1467	"2005.vii.17"
"1051"	"Meteorus"	"tabidus"	"(Wesmael, 1835)"	1	28	1467	"2005.vii.17"
"1052"	"Meteorus"	"tabidus"	"(Wesmael, 1835)"	1	28	1467	"2005.vii.17"
"1053"	"Meteorus"	"tenellus"	"Marshall, 1887"	1	47	998	"2004.vi.18"
"1054"	"Meteorus"	"tenellus"	"Marshall, 1887"	1	47	998	"2004.vi.18"
"1055"	"Meteorus"	"tenellus"	"Marshall, 1887"	1	47	998	"2004.vi.18"
"1056"	"Meteorus"	"tenellus"	"Marshall, 1887"	1	48	1208	"2004.vii.08"
"1057"	"Meteorus"	"tenellus"	"Marshall, 1887"	1	48	1208	"2004.vii.08"
"1058"	"Meteorus"	"tenellus"	"Marshall, 1887"	1	48	1209	"2004.vii.29"
"1059"	"Meteorus"	"tenellus"	"Marshall, 1887"	1	48	1209	"2004.vii.29"
"1060"	"Meteorus"	"tenellus"	"Marshall, 1887"	1	48	1210	"2004.viii.13"
"1061"	"Meteorus"	"tenellus"	"Marshall, 1887"	1	48	1209	"2004.vii.29"
"1062"	"Meteorus"	"tenellus"	"Marshall, 1887"	1	50	1222	"2004.vi.23"
"1063"	"Meteorus"	"tenellus"	"Marshall, 1887"	1	50	1222	"2004.vi.23"
"1064"	"Meteorus"	"tenellus"	"Marshall, 1887"	1	50	1975	"2005.vii.20"
"1065"	"Meteorus"	"tenellus"	"Marshall, 1887"	1	50	1975	"2005.vii.20"
"1066"	"Meteorus"	"tenellus"	"Marshall, 1887"	1	50	1975	"2005.vii.20"
"1067"	"Meteorus"	"tenellus"	"Marshall, 1887"	1	50	1975	"2005.vii.20"
"1068"	"Meteorus"	"tenellus"	"Marshall, 1887"	1	50	1975	"2005.vii.20"
"1069"	"Meteorus"	"tenellus"	"Marshall, 1887"	1	55	197	"2003.ix.01"
"1070"	"Meteorus"	"tenellus"	"Marshall, 1887"	1	58	209	"2003.ix.01"
"1071"	"Meteorus"	"tenellus"	"Marshall, 1887"	1	61	221	"2003.ix.01"
"1072"	"Meteorus"	"tenellus"	"Marshall, 1887"	1	61	221	"2003.ix.01"
"1073"	"Meteorus"	"tenellus"	"Marshall, 1887"	1	43	1175	"2004.ix.22"
"1074"	"Meteorus"	"tenellus"	"Marshall, 1887"	1	48	1209	"2004.vii.29"
"1075"	"Meteorus"	"tenellus"	"Marshall, 1887"	1	48	1209	"2004.vii.29"
"1076"	"Meteorus"	"tenellus"	"Marshall, 1887"	1	48	1209	"2004.vii.29"
"1077"	"Meteorus"	"tenellus"	"Marshall, 1887"	1	48	1209	"2004.vii.29"
"1078"	"Meteorus"	"tenellus"	"Marshall, 1887"	1	48	1208	"2004.vii.08"
"1079"	"Meteorus"	"tenellus"	"Marshall, 1887"	1	48	1208	"2004.vii.08"
"1080"	"Meteorus"	"tenellus"	"Marshall, 1887"	1	48	1208	"2004.vii.08"
"1081"	"Meteorus"	"tenellus"	"Marshall, 1887"	1	48	1208	"2004.vii.08"
"1082"	"Meteorus"	"tenellus"	"Marshall, 1887"	1	48	1209	"2004.vii.29"
"1083"	"Meteorus"	"tenellus"	"Marshall, 1887"	1	48	1209	"2004.vii.29"
"1084"	"Meteorus"	"tenellus"	"Marshall, 1887"	1	48	1209	"2004.vii.29"
"1085"	"Meteorus"	"tenellus"	"Marshall, 1887"	1	50	1223	"2004.vii.08"
"1086"	"Meteorus"	"tenellus"	"Marshall, 1887"	1	50	1223	"2004.vii.08"
"1087"	"Meteorus"	"tenellus"	"Marshall, 1887"	1	48	1209	"2004.vii.29"
"1088"	"Meteorus"	"versicolor"	"(Wesmael, 1835)"	1	3	799	"2004.vii.20"
"1089"	"Meteorus"	"versicolor"	"(Wesmael, 1835)"	1	21	242	"2003.ix.04"
"1090"	"Meteorus"	"versicolor"	"(Wesmael, 1835)"	1	22	1427	"2005.x.29"
"1091"	"Meteorus"	"versicolor"	"(Wesmael, 1835)"	1	23	431	"2003.vii.10"
"1092"	"Meteorus"	"versicolor"	"(Wesmael, 1835)"	1	23	431	"2003.vii.10"
"1093"	"Meteorus"	"versicolor"	"(Wesmael, 1835)"	1	23	431	"2003.vii.10"
"1094"	"Meteorus"	"versicolor"	"(Wesmael, 1835)"	1	23	431	"2003.vii.10"
"1095"	"Meteorus"	"versicolor"	"(Wesmael, 1835)"	1	23	431	"2003.vii.10"
"1096"	"Meteorus"	"versicolor"	"(Wesmael, 1835)"	1	23	431	"2003.vii.10"
"1097"	"Meteorus"	"versicolor"	"(Wesmael, 1835)"	1	24	819	"2003.viii.18"
"1098"	"Meteorus"	"versicolor"	"(Wesmael, 1835)"	1	24	820	"2003.ix.13"
"1099"	"Meteorus"	"versicolor"	"(Wesmael, 1835)"	1	34	547	"2003.viii.20"
"1100"	"Meteorus"	"versicolor"	"(Wesmael, 1835)"	1	34	547	"2003.viii.20"
"1101"	"Meteorus"	"versicolor"	"(Wesmael, 1835)"	1	34	547	"2003.viii.20"
"1102"	"Meteorus"	"versicolor"	"(Wesmael, 1835)"	1	34	548	"2003.ix.13"
"1103"	"Meteorus"	"versicolor"	"(Wesmael, 1835)"	1	34	548	"2003.ix.13"
"1104"	"Meteorus"	"versicolor"	"(Wesmael, 1835)"	1	34	1092	"2004.vi.15"
"1105"	"Meteorus"	"versicolor"	"(Wesmael, 1835)"	1	38	1126	"2004.ix.22"
"1106"	"Meteorus"	"versicolor"	"(Wesmael, 1835)"	1	38	1113	"2004.vi.15"
"1107"	"Meteorus"	"versicolor"	"(Wesmael, 1835)"	1	38	1113	"2004.vi.15"
"1108"	"Meteorus"	"versicolor"	"(Wesmael, 1835)"	1	38	580	"2003.viii.07"
"1109"	"Meteorus"	"versicolor"	"(Wesmael, 1835)"	1	38	580	"2003.viii.07"
"1110"	"Meteorus"	"versicolor"	"(Wesmael, 1835)"	1	38	580	"2003.viii.07"
"1111"	"Meteorus"	"versicolor"	"(Wesmael, 1835)"	1	41	1887	"2005.ix.21"
"1112"	"Meteorus"	"versicolor"	"(Wesmael, 1835)"	1	41	1887	"2005.ix.21"
"1113"	"Meteorus"	"versicolor"	"(Wesmael, 1835)"	1	41	626	"2003.vii.12"
"1114"	"Meteorus"	"versicolor"	"(Wesmael, 1835)"	1	49	708	"2003.viii.05"
"1115"	"Meteorus"	"versicolor"	"(Wesmael, 1835)"	1	49	708	"2003.viii.05"
"1116"	"Meteorus"	"versicolor"	"(Wesmael, 1835)"	1	58	208	"2003.viii.18"
"1117"	"Meteorus"	"versicolor"	"(Wesmael, 1835)"	1	1005	1419	"2005.v.22"
"1118"	"Meteorus"	"versicolor"	"(Wesmael, 1835)"	1	1008	1747	"2006.viii.19"
"1119"	"Meteorus"	"vexator"	"(Haliday, 1835)"	1	9	1609	"2005.vi.11"
"1120"	"Meteorus"	"vexator"	"(Haliday, 1835)"	1	9	1609	"2005.vi.11"
"1121"	"Meteorus"	"vexator"	"(Haliday, 1835)"	1	9	1610	"2005.vi.24"
"1122"	"Meteorus"	"vexator"	"(Haliday, 1835)"	1	9	1610	"2005.vi.24"
"1123"	"Meteorus"	"vexator"	"(Haliday, 1835)"	1	9	1610	"2005.vi.24"
"1124"	"Meteorus"	"vexator"	"(Haliday, 1835)"	1	9	1610	"2005.vi.24"
"1125"	"Meteorus"	"vexator"	"(Haliday, 1835)"	1	9	1610	"2005.vi.24"
"1126"	"Meteorus"	"vexator"	"(Haliday, 1835)"	1	9	1610	"2005.vi.24"
"1127"	"Meteorus"	"vexator"	"(Haliday, 1835)"	1	9	1610	"2005.vi.24"
"1128"	"Meteorus"	"vexator"	"(Haliday, 1835)"	1	9	1610	"2005.vi.24"
"1129"	"Meteorus"	"vexator"	"(Haliday, 1835)"	1	9	1610	"2005.vi.24"
"1130"	"Meteorus"	"vexator"	"(Haliday, 1835)"	1	9	1610	"2005.vi.24"
"1131"	"Meteorus"	"vexator"	"(Haliday, 1835)"	1	9	1610	"2005.vi.24"
"1132"	"Meteorus"	"vexator"	"(Haliday, 1835)"	1	9	1610	"2005.vi.24"
"1133"	"Meteorus"	"vexator"	"(Haliday, 1835)"	1	9	1611	"2005.vii.16"
"1134"	"Meteorus"	"vexator"	"(Haliday, 1835)"	1	9	1611	"2005.vii.16"
"1135"	"Meteorus"	"vexator"	"(Haliday, 1835)"	1	9	1612	"2005.viii.06"
"1136"	"Meteorus"	"vexator"	"(Haliday, 1835)"	1	9	1615	"2005.x.04"
"1137"	"Meteorus"	"vexator"	"(Haliday, 1835)"	1	9	1615	"2005.x.04"
"1138"	"Meteorus"	"vexator"	"(Haliday, 1835)"	1	9	1616	"2005.x.21"
"1139"	"Meteorus"	"vexator"	"(Haliday, 1835)"	1	10	396	"2003.vi.23"
"1140"	"Meteorus"	"vexator"	"(Haliday, 1835)"	1	10	396	"2003.vi.23"
"1141"	"Meteorus"	"vexator"	"(Haliday, 1835)"	1	10	396	"2003.vi.23"
"1142"	"Meteorus"	"vexator"	"(Haliday, 1835)"	1	10	396	"2003.vi.23"
"1143"	"Meteorus"	"vexator"	"(Haliday, 1835)"	1	10	396	"2003.vi.23"
"1144"	"Meteorus"	"vexator"	"(Haliday, 1835)"	1	10	396	"2003.vi.23"
"1145"	"Meteorus"	"vexator"	"(Haliday, 1835)"	1	10	396	"2003.vi.23"
"1146"	"Meteorus"	"vexator"	"(Haliday, 1835)"	1	10	397	"2003.vii.08"
"1147"	"Meteorus"	"vexator"	"(Haliday, 1835)"	1	10	397	"2003.vii.08"
"1148"	"Meteorus"	"vexator"	"(Haliday, 1835)"	1	10	398	"2003.vii.21"
"1149"	"Meteorus"	"vexator"	"(Haliday, 1835)"	1	10	398	"2003.vii.21"
"1150"	"Meteorus"	"vexator"	"(Haliday, 1835)"	1	10	399	"2003.viii.04"
"1151"	"Meteorus"	"vexator"	"(Haliday, 1835)"	1	10	399	"2003.viii.04"
"1152"	"Meteorus"	"vexator"	"(Haliday, 1835)"	1	10	399	"2003.viii.04"
"1153"	"Meteorus"	"vexator"	"(Haliday, 1835)"	1	10	399	"2003.viii.04"
"1154"	"Meteorus"	"vexator"	"(Haliday, 1835)"	1	10	400	"2003.viii.26"
"1155"	"Meteorus"	"vexator"	"(Haliday, 1835)"	1	10	400	"2003.viii.26"
"1156"	"Meteorus"	"vexator"	"(Haliday, 1835)"	1	10	400	"2003.viii.26"
"1157"	"Meteorus"	"vexator"	"(Haliday, 1835)"	1	10	401	"2003.ix.16"
"1158"	"Meteorus"	"vexator"	"(Haliday, 1835)"	1	10	401	"2003.ix.16"
"1159"	"Meteorus"	"vexator"	"(Haliday, 1835)"	1	10	401	"2003.ix.16"
"1160"	"Meteorus"	"vexator"	"(Haliday, 1835)"	1	10	401	"2003.ix.16"
"1161"	"Meteorus"	"vexator"	"(Haliday, 1835)"	1	10	408	"2004.v.13"
"1162"	"Meteorus"	"vexator"	"(Haliday, 1835)"	1	10	1625	"2005.viii.01"
"1163"	"Meteorus"	"vexator"	"(Haliday, 1835)"	1	10	1625	"2005.viii.01"
"1164"	"Meteorus"	"vexator"	"(Haliday, 1835)"	1	10	1625	"2005.viii.01"
"1165"	"Meteorus"	"vexator"	"(Haliday, 1835)"	1	21	238	"2003.vi.25"
"1166"	"Meteorus"	"vexator"	"(Haliday, 1835)"	1	22	1363	"2005.viii.01"
"1167"	"Meteorus"	"vexator"	"(Haliday, 1835)"	1	22	1363	"2005.viii.01"
"1168"	"Meteorus"	"vexator"	"(Haliday, 1835)"	1	22	1731	"2006.vii.20"
"1169"	"Meteorus"	"vexator"	"(Haliday, 1835)"	1	24	1673	"2005.v.31"
"1170"	"Meteorus"	"vexator"	"(Haliday, 1835)"	1	1000	1325	"2005.vii.18"
"1171"	"Meteorus"	"vexator"	"(Haliday, 1835)"	1	1000	1325	"2005.vii.18"
"1172"	"Meteorus"	"vexator"	"(Haliday, 1835)"	1	1001	1331	"2005.vi.27"
"1173"	"Meteorus"	"vexator"	"(Haliday, 1835)"	1	1001	1332	"2005.vii.02"
"1174"	"Meteorus"	"vexator"	"(Haliday, 1835)"	1	1001	1332	"2005.vii.02"
"1175"	"Meteorus"	"vexator"	"(Haliday, 1835)"	1	1001	1333	"2005.vii.12"
"1176"	"Meteorus"	"vexator"	"(Haliday, 1835)"	1	1001	1355	"2005.viii.13"
"1177"	"Meteorus"	"vexator"	"(Haliday, 1835)"	1	1001	1333	"2005.vii.12"
"1178"	"Meteorus"	"vexator"	"(Haliday, 1835)"	1	1005	1421	"2005.vii.30"
"1179"	"Meteorus"	"vexator"	"(Haliday, 1835)"	1	1008	1746	"2006.viii.08"
"1180"	"Meteorus"	"vexator"	"(Haliday, 1835)"	1	1008	1488	"2005.ix.20"
"1181"	"Zele"	"albiditarsus"	"Curtis, 1832"	1	1	316	" 2004.v.28"
"1182"	"Zele"	"albiditarsus"	"Curtis, 1832"	1	4	89	"2003.vii.21"
"1183"	"Zele"	"albiditarsus"	"Curtis, 1832"	1	4	89	"2003.vii.21"
"1184"	"Zele"	"albiditarsus"	"Curtis, 1832"	1	4	89	"2003.vii.21"
"1185"	"Zele"	"albiditarsus"	"Curtis, 1832"	1	4	88	"2003.vii.02"
"1186"	"Zele"	"albiditarsus"	"Curtis, 1832"	1	4	88	"2003.vii.02"
"1187"	"Zele"	"albiditarsus"	"Curtis, 1832"	1	4	88	"2003.vii.02"
"1188"	"Zele"	"albiditarsus"	"Curtis, 1832"	1	4	88	"2003.vii.02"
"1189"	"Zele"	"albiditarsus"	"Curtis, 1832"	1	10	396	"2003.vi.23"
"1190"	"Zele"	"albiditarsus"	"Curtis, 1832"	1	40	1812	"2005.vi.20"
"1191"	"Zele"	"albiditarsus"	"Curtis, 1832"	1	40	1812	"2005.vi.20"
"1192"	"Zele"	"albiditarsus"	"Curtis, 1832"	1	40	1812	"2005.vi.20"
"1193"	"Zele"	"albiditarsus"	"Curtis, 1832"	1	40	1812	"2005.vi.20"
"1194"	"Zele"	"albiditarsus"	"Curtis, 1832"	1	40	1812	"2005.vi.20"
"1195"	"Zele"	"albiditarsus"	"Curtis, 1832"	1	40	1812	"2005.vi.20"
"1196"	"Zele"	"albiditarsus"	"Curtis, 1832"	1	40	1812	"2005.vi.20"
"1197"	"Zele"	"albiditarsus"	"Curtis, 1832"	1	40	1812	"2005.vi.20"
"1198"	"Zele"	"albiditarsus"	"Curtis, 1832"	1	40	1811	"2005.v.22"
"1199"	"Zele"	"albiditarsus"	"Curtis, 1832"	1	40	1811	"2005.v.22"
"1200"	"Zele"	"albiditarsus"	"Curtis, 1832"	1	40	1811	"2005.v.22"
"1201"	"Zele"	"albiditarsus"	"Curtis, 1832"	1	40	1811	"2005.v.22"
"1202"	"Zele"	"albiditarsus"	"Curtis, 1832"	1	40	1811	"2005.v.22"
"1203"	"Zele"	"albiditarsus"	"Curtis, 1832"	1	40	1811	"2005.v.22"
"1204"	"Zele"	"albiditarsus"	"Curtis, 1832"	1	40	1811	"2005.v.22"
"1205"	"Zele"	"albiditarsus"	"Curtis, 1832"	1	40	1811	"2005.v.22"
"1206"	"Zele"	"albiditarsus"	"Curtis, 1832"	1	40	1811	"2005.v.22"
"1207"	"Zele"	"albiditarsus"	"Curtis, 1832"	1	40	1811	"2005.v.22"
"1208"	"Zele"	"albiditarsus"	"Curtis, 1832"	1	40	1811	"2005.v.22"
"1209"	"Zele"	"albiditarsus"	"Curtis, 1832"	1	40	1811	"2005.v.22"
"1210"	"Zele"	"albiditarsus"	"Curtis, 1832"	1	40	1811	"2005.v.22"
"1211"	"Zele"	"albiditarsus"	"Curtis, 1832"	1	40	1811	"2005.v.22"
"1212"	"Zele"	"albiditarsus"	"Curtis, 1832"	1	40	1811	"2005.v.22"
"1213"	"Zele"	"albiditarsus"	"Curtis, 1832"	1	40	1811	"2005.v.22"
"1214"	"Zele"	"albiditarsus"	"Curtis, 1832"	1	40	1811	"2005.v.22"
"1215"	"Zele"	"albiditarsus"	"Curtis, 1832"	1	40	1811	"2005.v.22"
"1216"	"Zele"	"albiditarsus"	"Curtis, 1832"	1	40	1811	"2005.v.22"
"1217"	"Zele"	"albiditarsus"	"Curtis, 1832"	1	40	1811	"2005.v.22"
"1218"	"Zele"	"albiditarsus"	"Curtis, 1832"	1	40	1811	"2005.v.22"
"1219"	"Zele"	"albiditarsus"	"Curtis, 1832"	1	40	1811	"2005.v.22"
"1220"	"Zele"	"albiditarsus"	"Curtis, 1832"	1	40	1811	"2005.v.22"
"1221"	"Zele"	"albiditarsus"	"Curtis, 1832"	1	40	1811	"2005.v.22"
"1222"	"Zele"	"albiditarsus"	"Curtis, 1832"	1	40	1811	"2005.v.22"
"1223"	"Zele"	"albiditarsus"	"Curtis, 1832"	1	40	1811	"2005.v.22"
"1224"	"Zele"	"albiditarsus"	"Curtis, 1832"	1	40	1811	"2005.v.22"
"1225"	"Zele"	"albiditarsus"	"Curtis, 1832"	1	40	1811	"2005.v.22"
"1226"	"Zele"	"albiditarsus"	"Curtis, 1832"	1	40	1811	"2005.v.22"
"1227"	"Zele"	"albiditarsus"	"Curtis, 1832"	1	40	1811	"2005.v.22"
"1228"	"Zele"	"albiditarsus"	"Curtis, 1832"	1	40	1811	"2005.v.22"
"1229"	"Zele"	"albiditarsus"	"Curtis, 1832"	1	40	1811	"2005.v.22"
"1230"	"Zele"	"albiditarsus"	"Curtis, 1832"	1	40	1811	"2005.v.22"
"1231"	"Zele"	"albiditarsus"	"Curtis, 1832"	1	40	1811	"2005.v.22"
"1232"	"Zele"	"albiditarsus"	"Curtis, 1832"	1	40	1811	"2005.v.22"
"1233"	"Zele"	"albiditarsus"	"Curtis, 1832"	1	40	1811	"2005.v.22"
"1234"	"Zele"	"albiditarsus"	"Curtis, 1832"	1	40	1811	"2005.v.22"
"1235"	"Zele"	"albiditarsus"	"Curtis, 1832"	1	40	1811	"2005.v.22"
"1236"	"Zele"	"albiditarsus"	"Curtis, 1832"	1	40	1811	"2005.v.22"
"1237"	"Zele"	"albiditarsus"	"Curtis, 1832"	1	40	1811	"2005.v.22"
"1238"	"Zele"	"albiditarsus"	"Curtis, 1832"	1	40	1811	"2005.v.22"
"1239"	"Zele"	"albiditarsus"	"Curtis, 1832"	1	40	1811	"2005.v.22"
"1240"	"Zele"	"albiditarsus"	"Curtis, 1832"	1	1008	1339	"2005.vi.05"
"1241"	"Zele"	"albiditarsus"	"Curtis, 1832"	1	8	393	"2003.viii.19"
"1242"	"Zele"	"albiditarsus"	"Curtis, 1832"	1	8	393	"2003.viii.19"
"1243"	"Zele"	"albiditarsus"	"Curtis, 1832"	1	8	393	"2003.viii.19"
"1244"	"Zele"	"caligatus"	"(Haliday, 1835)"	1	1000	1324	"2005.vii.12"
"1245"	"Zele"	"caligatus"	"(Haliday, 1835)"	1	1001	1333	"2005.vii.12"
"1246"	"Zele"	"chlorophthalmus"	"(Spinola, 1808)"	1	22	246	"2003.vii.17"
"1247"	"Zele"	"chlorophthalmus"	"(Spinola, 1808)"	1	22	246	"2003.vii.17"
"1248"	"Zele"	"chlorophthalmus"	"(Spinola, 1808)"	1	22	782	"2004.x.24"
"1249"	"Zele"	"chlorophthalmus"	"(Spinola, 1808)"	1	20	233	"2003.vi.25"
"1250"	"Zele"	"chlorophthalmus"	"(Spinola, 1808)"	1	24	817	"2003.vii.15"
"1251"	"Zele"	"chlorophthalmus"	"(Spinola, 1808)"	1	30	1717	"2005.vi.16"
"1252"	"Zele"	"chlorophthalmus"	"(Spinola, 1808)"	1	22	775	"2004.v.01"
"1253"	"Zele"	"chlorophthalmus"	"(Spinola, 1808)"	1	32	1531	"2005.vii.16"
"1254"	"Zele"	"chlorophthalmus"	"(Spinola, 1808)"	1	2006	2015	"2007.vii.02"
"1255"	"Zele"	"chlorophthalmus"	"(Spinola, 1808)"	1	2046	2052	"2008.vi.01"
"1256"	"Zele"	"chlorophthalmus"	"(Spinola, 1808)"	1	2046	2056	"2008.viii.01"
"1257"	"Zele"	"chlorophthalmus"	"(Spinola, 1808)"	1	2046	2056	"2008.viii.01"
"1258"	"Zele"	"chlorophthalmus"	"(Spinola, 1808)"	1	2046	2057	"2008.viii.16"
"1259"	"Zele"	"chlorophthalmus"	"(Spinola, 1808)"	1	17	1517	"2005.vii.17"
"1260"	"Zele"	"chlorophthalmus"	"(Spinola, 1808)"	1	46	1201	"2004.vii.26"
"1261"	"Zele"	"chlorophthalmus"	"(Spinola, 1808)"	1	46	1201	"2004.vii.26"
"1262"	"Zele"	"chlorophthalmus"	"(Spinola, 1808)"	1	1008	1747	"2006.viii.19"
"1263"	"Zele"	"chlorophthalmus"	"(Spinola, 1808)"	1	2046	2056	"2008.viii.01"
"1264"	"Zele"	"chlorophthalmus"	"(Spinola, 1808)"	1	2046	2056	"2008.viii.01"
"1265"	"Zele"	"chlorophthalmus"	"(Spinola, 1808)"	1	2046	2052	"2008.vi.01"
"1266"	"Zele"	"chlorophthalmus"	"(Spinola, 1808)"	1	2006	2015	"2007.vii.02"
"1267"	"Zele"	"chlorophthalmus"	"(Spinola, 1808)"	1	32	1531	"2005.vii.16"
"1268"	"Zele"	"chlorophthalmus"	"(Spinola, 1808)"	1	12	896	"2004.viii.28"
"1269"	"Zele"	"deceptor"	"(Wesmael, 1835)"	1	28	1459	"2004.viii.02"
"1270"	"Zele"	"deceptor"	"(Wesmael, 1835)"	1	28	1459	"2004.viii.02"
"1271"	"Zele"	"deceptor"	"(Wesmael, 1835)"	1	42	1165	"2004.vi.17"
"1272"	"Zele"	"deceptor"	"(Wesmael, 1835)"	1	42	1165	"2004.vi.17"
"1273"	"Zele"	"deceptor"	"(Wesmael, 1835)"	1	42	1165	"2004.vi.17"
"1274"	"Zele"	"deceptor"	"(Wesmael, 1835)"	1	1005	1419	"2005.v.22"
"1275"	"Zele"	"deceptor"	"(Wesmael, 1835)"	1	22	246	"2003.vii.17"
"1276"	"Zele"	"deceptor"	"(Wesmael, 1835)"	1	28	1467	"2005.vii.17"
"1277"	"Zele"	"deceptor"	"(Wesmael, 1835)"	1	28	1467	"2005.vii.17"
"1278"	"Zele"	"deceptor"	"(Wesmael, 1835)"	1	28	1467	"2005.vii.17"
"1279"	"Zele"	"deceptor"	"(Wesmael, 1835)"	1	47	998	"2004.vi.18"
"1280"	"Zele"	"deceptor"	"(Wesmael, 1835)"	1	3	799	"2004.vii.20"
"1281"	"Zele"	"deceptor"	"(Wesmael, 1835)"	1	42	646	"2003.ix.10"
"1282"	"Zele"	"deceptor"	"(Wesmael, 1835)"	1	1004	1899	"2005.ix.20"
"1283"	"Zele"	"deceptor"	"(Wesmael, 1835)"	1	1004	1898	"2005.viii.09"
"1284"	"Zele"	"deceptor"	"(Wesmael, 1835)"	1	1004	1898	"2005.viii.09"
"1285"	"Zele"	"deceptor"	"(Wesmael, 1835)"	1	34	1094	"2004.vii.23"
"1286"	"Zele"	"deceptor"	"(Wesmael, 1835)"	1	5	768	"2004.viii.16"
"1287"	"Zele"	"deceptor"	"(Wesmael, 1835)"	1	50	1223	"2004.vii.08"
"1288"	"Zele"	"deceptor"	"(Wesmael, 1835)"	1	37	571	"2003.viii.15"
"1289"	"Zele"	"deceptor"	"(Wesmael, 1835)"	1	2006	2015	"2007.vii.02"
"1290"	"Zele"	"deceptor"	"(Wesmael, 1835)"	1	28	1460	"2004.viii.19"
"1291"	"Zele"	"deceptor"	"(Wesmael, 1835)"	1	46	1199	"2004.vi.28"
"1292"	"Zele"	"deceptor"	"(Wesmael, 1835)"	1	46	1199	"2004.vi.28"
"1293"	"Zele"	"deceptor"	"(Wesmael, 1835)"	1	46	1199	"2004.vi.28"
"1294"	"Zele"	"deceptor"	"(Wesmael, 1835)"	1	46	1199	"2004.vi.28"
"1295"	"Zele"	"deceptor"	"(Wesmael, 1835)"	1	46	1199	"2004.vi.28"
"1296"	"Zele"	"deceptor"	"(Wesmael, 1835)"	1	46	1199	"2004.vi.28"
"1297"	"Zele"	"deceptor"	"(Wesmael, 1835)"	1	46	1199	"2004.vi.28"
"1298"	"Zele"	"deceptor"	"(Wesmael, 1835)"	1	58	207	"2003.viii.01"
"1299"	"Zele"	"deceptor"	"(Wesmael, 1835)"	1	41	1160	"2004.viii.06"
"1300"	"Zele"	"deceptor"	"(Wesmael, 1835)"	1	6	368	"2003.vi.17"
"1301"	"Zele"	"deceptor"	"(Wesmael, 1835)"	1	42	645	"2003.vii.25"
"1302"	"Zele"	"deceptor"	"(Wesmael, 1835)"	1	4	89	"2003.vii.21"
"1303"	"Zele"	"deceptor"	"(Wesmael, 1835)"	1	38	580	"2003.viii.07"
"1304"	"Zele"	"deceptor"	"(Wesmael, 1835)"	1	46	1199	"2004.vi.28"
"1305"	"Zele"	"deceptor"	"(Wesmael, 1835)"	1	46	1199	"2004.vi.28"
"1306"	"Zele"	"deceptor"	"(Wesmael, 1835)"	1	46	1199	"2004.vi.28"
"1307"	"Zele"	"deceptor"	"(Wesmael, 1835)"	1	46	1199	"2004.vi.28"
"1308"	"Zele"	"deceptor"	"(Wesmael, 1835)"	1	46	1199	"2004.vi.28"
"1309"	"Zele"	"deceptor"	"(Wesmael, 1835)"	1	46	1199	"2004.vi.28"
"1310"	"Zele"	"deceptor"	"(Wesmael, 1835)"	1	46	1199	"2004.vi.28"
"1311"	"Zele"	"deceptor"	"(Wesmael, 1835)"	1	37	571	"2003.viii.15"
"1312"	"Zele"	"deceptor"	"(Wesmael, 1835)"	1	2006	2015	"2007.vii.02"
"1313"	"Zele"	"deceptor"	"(Wesmael, 1835)"	1	1007	1982	"2005.vii.01"
"1314"	"Zele"	"deceptor"	"(Wesmael, 1835)"	1	1007	1982	"2005.vii.01"
"1315"	"Zele"	"deceptor"	"(Wesmael, 1835)"	1	1007	1982	"2005.vii.01"
"1316"	"Zele"	"deceptor"	"(Wesmael, 1835)"	1	1007	1982	"2005.vii.01"
"1317"	"Zele"	"deceptor"	"(Wesmael, 1835)"	1	1007	1982	"2005.vii.01"
"1318"	"Zele"	"deceptor"	"(Wesmael, 1835)"	1	1007	1982	"2005.vii.01"
"1319"	"Zele"	"deceptor"	"(Wesmael, 1835)"	1	1007	1982	"2005.vii.01"
"1320"	"Zele"	"deceptor"	"(Wesmael, 1835)"	1	57	203	"2003.viii.01"
"1321"	"Zele"	"deceptor"	"(Wesmael, 1835)"	1	1007	1983	"2005.vii.13"
"1322"	"Zele"	"deceptor"	"(Wesmael, 1835)"	1	41	1779	"2005.vii.17"
